vendorid,tpep_pickup_datetime,tpep_dropoff_datetime,passenger_count,trip_distance,ratecodeid,store_and_fwd_flag,pulocationid,dolocationid,payment_type,fare_amount,extra,mta_tax,tip_amount,tolls_amount,improvement_surcharge,total_amount
2,"2019-11-21T01:53:19,000","2019-11-21T02:18:39,000",5,9.44,1,N,264,264,2,31,0.5,0.5,0,0,0.3,32.3
2,"2019-02-28T07:41:58,000","2019-02-28T07:55:33,000",5,4.33,1,N,186,238,2,15,1,0.5,0,0,0.3,16.8
2,"2019-02-08T17:35:27,000","2019-02-09T00:53:56,000",5,2.61,1,N,70,129,2,12,1,0.5,0,0,0.3,13.8
2,"2019-01-16T15:05:00,000","2019-01-16T15:59:50,000",5,16.78,2,N,132,164,1,52,4.5,0.5,11,5.76,0.3,74.06
2,"2018-12-31T23:59:00,000","2019-01-01T00:23:24,000",5,3.59,1,N,161,68,2,17,0.5,0.5,0,0,0.3,18.3
2,"2018-12-31T23:58:46,000","2019-01-01T00:27:15,000",5,1.53,1,N,107,90,2,18,0.5,0.5,0,0,0.3,19.3
2,"2018-12-31T23:56:42,000","2019-01-01T01:09:45,000",5,10.22,1,N,249,129,2,48,0.5,0.5,0,0,0.3,49.3
2,"2018-12-31T23:53:33,000","2019-01-01T00:05:17,000",5,2.82,1,N,151,237,2,11,0.5,0.5,0,0,0.3,12.3
2,"2018-12-31T23:52:11,000","2019-01-01T00:09:32,000",6,1.93,1,N,186,163,2,12,0.5,0.5,0,0,0.3,13.3
2,"2018-12-31T23:51:24,000","2019-01-01T00:10:37,000",5,11.05,1,N,168,259,2,31,0.5,0.5,0,0,0.3,32.3
2,"2018-12-31T23:51:03,000","2018-12-31T23:59:50,000",6,2.68,1,N,142,166,2,10,0.5,0.5,0,0,0.3,11.3
2,"2018-12-31T23:47:53,000","2019-01-01T00:12:13,000",5,3.58,1,N,163,113,2,17,0.5,0.5,0,0,0.3,18.3
2,"2018-12-31T23:46:43,000","2018-12-31T23:57:50,000",6,3.11,1,N,144,17,2,12,0.5,0.5,0,0,0.3,13.3
2,"2018-12-31T23:44:44,000","2019-01-01T00:08:56,000",6,2.79,1,N,238,48,2,16,0.5,0.5,0,0,0.3,17.3
2,"2018-12-31T23:44:22,000","2018-12-31T23:56:38,000",5,2.73,1,N,233,249,2,11,0.5,0.5,0,0,0.3,12.3
2,"2018-12-31T23:44:00,000","2018-12-31T23:58:51,000",5,1.48,1,N,239,239,2,11,0.5,0.5,0,0,0.3,12.3
2,"2018-12-31T23:42:04,000","2018-12-31T23:57:52,000",5,3.02,1,N,231,234,2,13,0.5,0.5,0,0,0.3,14.3
2,"2018-12-31T23:40:25,000","2019-01-01T00:22:40,000",5,20.45,1,N,263,21,2,56,0.5,0.5,0,5.76,0.3,63.06
2,"2018-12-31T23:39:47,000","2019-01-01T00:01:08,000",6,7.53,1,N,233,119,2,24,0.5,0.5,0,0,0.3,25.3
2,"2018-12-31T23:35:29,000","2019-01-01T00:03:34,000",6,13.16,1,N,229,130,2,39,0.5,0.5,0,0,0.3,40.3
2,"2018-12-31T23:35:08,000","2018-12-31T23:51:49,000",6,4.63,1,N,164,74,2,16,0.5,0.5,0,0,0.3,17.3
2,"2018-12-31T23:34:27,000","2018-12-31T23:50:14,000",5,3.99,1,N,48,75,2,15,0.5,0.5,0,0,0.3,16.3
2,"2018-12-31T23:33:51,000","2018-12-31T23:45:55,000",5,2.69,1,N,48,239,2,11,0.5,0.5,0,0,0.3,12.3
2,"2018-12-31T23:33:51,000","2018-12-31T23:46:55,000",5,2.69,1,N,143,151,2,12,0.5,0.5,0,0,0.3,13.3
2,"2018-12-31T23:32:25,000","2019-01-01T00:21:09,000",5,8.33,1,N,79,166,2,36,0.5,0.5,0,0,0.3,37.3
2,"2018-12-31T23:31:48,000","2018-12-31T23:49:23,000",6,6.13,1,N,48,42,2,20,0.5,0.5,0,0,0.3,21.3
2,"2018-12-31T23:31:35,000","2019-01-01T00:00:44,000",6,12.08,1,N,138,231,1,35,0.5,0.5,5,0,0.3,41.3
2,"2018-12-31T23:30:35,000","2019-01-01T00:08:14,000",6,20.35,2,N,132,238,1,52,0,0.5,10,5.76,0.3,68.56
1,"2018-12-31T23:30:01,000","2018-12-31T23:44:32,000",6,3.00,1,N,170,143,2,12,0.5,0.5,0,0,0.3,13.3
2,"2018-12-31T23:29:25,000","2018-12-31T23:49:46,000",5,4.60,1,N,211,181,2,18,0.5,0.5,0,0,0.3,19.3
2,"2018-12-31T23:28:20,000","2018-12-31T23:52:57,000",5,5.65,1,N,68,263,2,22,0.5,0.5,0,0,0.3,23.3
2,"2018-12-31T23:27:56,000","2018-12-31T23:42:15,000",5,4.87,1,N,236,224,2,17,0.5,0.5,0,0,0.3,18.3
2,"2018-12-31T23:27:22,000","2018-12-31T23:50:46,000",5,5.67,1,N,68,262,2,21,0.5,0.5,0,0,0.3,22.3
2,"2018-12-31T23:26:57,000","2018-12-31T23:38:44,000",5,2.58,1,N,161,75,2,11,0.5,0.5,0,0,0.3,12.3
2,"2018-12-31T23:25:46,000","2018-12-31T23:40:48,000",5,2.29,1,N,68,237,2,12,0.5,0.5,0,0,0.3,13.3
2,"2018-12-31T23:25:41,000","2018-12-31T23:56:16,000",5,8.46,1,N,230,181,2,28,0.5,0.5,0,0,0.3,29.3
2,"2018-12-31T23:23:36,000","2018-12-31T23:36:06,000",5,2.57,1,N,209,107,2,11,0.5,0.5,0,0,0.3,12.3
2,"2018-12-31T23:23:15,000","2018-12-31T23:48:54,000",5,17.03,2,N,132,170,1,52,0,0.5,11,5.76,0.3,69.56
2,"2018-12-31T23:23:09,000","2018-12-31T23:39:49,000",5,3.06,1,N,249,88,2,13,0.5,0.5,0,0,0.3,14.3
2,"2018-12-31T23:22:57,000","2018-12-31T23:34:53,000",6,4.19,1,N,264,264,2,14,0.5,0.5,0,0,0.3,15.3
2,"2018-12-31T23:21:34,000","2019-01-01T00:02:26,000",6,12.40,1,N,239,3,2,42,0.5,0.5,0,0,0.3,43.3
2,"2018-12-31T23:21:25,000","2018-12-31T23:43:54,000",6,3.07,1,N,4,186,2,16,0.5,0.5,0,0,0.3,17.3
2,"2018-12-31T23:21:21,000","2018-12-31T23:39:26,000",5,2.89,1,N,141,164,2,14,0.5,0.5,0,0,0.3,15.3
2,"2018-12-31T23:21:09,000","2018-12-31T23:47:00,000",6,4.92,1,N,79,189,1,20,0.5,0.5,10,0,0.3,31.3
2,"2018-12-31T23:20:46,000","2018-12-31T23:46:12,000",6,5.27,1,N,234,238,2,22,0.5,0.5,0,0,0.3,23.3
2,"2018-12-31T23:19:45,000","2018-12-31T23:31:33,000",5,2.12,1,N,264,264,2,10,0.5,0.5,0,0,0.3,11.3
2,"2018-12-31T23:19:33,000","2019-01-01T00:13:17,000",5,17.31,2,N,132,48,1,52,0,0.5,5,5.76,0.3,63.56
2,"2018-12-31T23:19:25,000","2018-12-31T23:32:02,000",5,6.36,1,N,132,63,2,19,0.5,0.5,0,0,0.3,20.3
2,"2018-12-31T23:19:19,000","2018-12-31T23:42:29,000",5,5.00,1,N,100,75,1,19,0.5,0.5,1,0,0.3,21.3
2,"2018-12-31T23:17:13,000","2018-12-31T23:37:06,000",5,7.10,1,N,166,220,2,22,0.5,0.5,0,0,0.3,23.3
2,"2018-12-31T23:16:55,000","2018-12-31T23:32:28,000",5,2.75,1,N,236,186,2,13,0.5,0.5,0,0,0.3,14.3
2,"2018-12-31T23:15:51,000","2018-12-31T23:28:34,000",6,1.76,1,N,237,164,2,10,0.5,0.5,0,0,0.3,11.3
2,"2018-12-31T23:15:44,000","2018-12-31T23:32:17,000",5,2.10,1,N,164,43,2,12,0.5,0.5,0,0,0.3,13.3
2,"2018-12-31T23:14:46,000","2018-12-31T23:41:30,000",6,4.65,1,N,65,89,2,20,0.5,0.5,0,0,0.3,21.3
2,"2018-12-31T23:13:46,000","2018-12-31T23:36:42,000",5,6.27,1,N,238,79,2,22,0.5,0.5,0,0,0.3,23.3
2,"2018-12-31T23:12:13,000","2018-12-31T23:27:50,000",5,2.50,1,N,113,232,2,12,0.5,0.5,0,0,0.3,13.3
2,"2018-12-31T23:11:51,000","2018-12-31T23:36:06,000",6,2.98,1,N,100,238,2,15,0.5,0.5,0,0,0.3,16.3
2,"2018-12-31T23:11:48,000","2018-12-31T23:53:30,000",5,13.10,1,N,45,47,2,41,0.5,0.5,0,0,0.3,42.3
2,"2018-12-31T23:11:01,000","2018-12-31T23:30:15,000",5,3.34,1,N,239,164,2,15,0.5,0.5,0,0,0.3,16.3
2,"2018-12-31T23:10:55,000","2018-12-31T23:40:46,000",6,13.64,1,N,141,14,2,38,0.5,0.5,0,0,0.3,39.3
2,"2018-12-31T23:10:31,000","2018-12-31T23:35:14,000",5,3.84,1,N,107,137,2,18,0.5,0.5,0,0,0.3,19.3
2,"2018-12-31T23:10:15,000","2018-12-31T23:33:59,000",5,5.81,1,N,48,87,2,21,0.5,0.5,0,0,0.3,22.3
2,"2018-12-31T23:09:47,000","2018-12-31T23:32:56,000",5,5.84,1,N,48,179,2,20,0.5,0.5,0,0,0.3,21.3
2,"2018-12-31T23:08:29,000","2018-12-31T23:31:21,000",6,2.29,1,N,238,141,2,16,0.5,0.5,0,0,0.3,17.3
2,"2018-12-31T23:07:44,000","2018-12-31T23:25:50,000",5,6.48,1,N,75,250,2,21,0.5,0.5,0,0,0.3,22.3
2,"2018-12-31T23:06:55,000","2018-12-31T23:39:02,000",6,18.69,2,N,132,4,1,52,0,0.5,2,5.76,0.3,60.56
2,"2018-12-31T23:06:52,000","2018-12-31T23:21:56,000",5,8.46,1,N,138,213,2,24,0.5,0.5,0,5.76,0.3,31.06
2,"2018-12-31T23:06:52,000","2018-12-31T23:22:55,000",6,2.83,1,N,239,229,2,13,0.5,0.5,0,0,0.3,14.3
2,"2018-12-31T23:06:36,000","2018-12-31T23:35:43,000",5,11.53,1,N,162,228,1,34,0.5,0.5,0,0,0.3,35.3
2,"2018-12-31T23:06:07,000","2018-12-31T23:23:44,000",5,4.33,1,N,237,231,1,16,0.5,0.5,0,0,0.3,17.3
2,"2018-12-31T23:05:55,000","2018-12-31T23:41:32,000",6,8.44,1,N,161,198,2,30,0.5,0.5,0,0,0.3,31.3
2,"2018-12-31T23:05:24,000","2018-12-31T23:18:05,000",5,2.41,1,N,161,239,1,11,0.5,0.5,0,0,0.3,12.3
2,"2018-12-31T23:04:21,000","2018-12-31T23:42:27,000",6,4.82,1,N,82,82,2,24,0.5,0.5,0,0,0.3,25.3
2,"2018-12-31T23:04:19,000","2018-12-31T23:22:19,000",5,4.50,1,N,113,263,2,16,0.5,0.5,0,0,0.3,17.3
2,"2018-12-31T23:03:48,000","2018-12-31T23:16:08,000",5,2.55,1,N,142,170,2,11,0.5,0.5,0,0,0.3,12.3
2,"2018-12-31T23:02:37,000","2018-12-31T23:12:24,000",6,2.96,1,N,127,244,2,11,0.5,0.5,0,0,0.3,12.3
2,"2018-12-31T23:01:56,000","2018-12-31T23:13:29,000",5,5.69,1,N,138,168,2,17,0.5,0.5,0,5.76,0.3,24.06
2,"2018-12-31T23:01:11,000","2018-12-31T23:13:09,000",5,1.99,1,N,236,229,1,10,0.5,0.5,1,0,0.3,12.3
2,"2018-12-31T22:58:50,000","2018-12-31T23:17:35,000",5,4.24,1,N,90,238,1,16,0.5,0.5,0,0,0.3,17.3
2,"2018-12-31T22:56:58,000","2018-12-31T23:38:56,000",5,22.23,2,N,132,142,1,52,0,0.5,6,5.76,0.3,64.56
2,"2018-12-31T22:54:57,000","2018-12-31T23:34:28,000",5,17.51,2,N,132,237,2,52,0,0.5,0,0,0.3,52.8
2,"2018-12-31T22:54:56,000","2018-12-31T23:10:35,000",5,1.79,1,N,48,249,1,11,0.5,0.5,1,0,0.3,13.3
2,"2018-12-31T22:49:04,000","2018-12-31T23:00:40,000",6,2.29,1,N,143,236,2,10,0.5,0.5,0,0,0.3,11.3
2,"2018-12-31T22:48:46,000","2018-12-31T23:25:26,000",5,20.22,1,N,132,33,2,55,0.5,0.5,0,0,0.3,56.3
2,"2018-12-31T22:48:44,000","2018-12-31T22:58:48,000",5,3.62,1,N,141,260,2,12,0.5,0.5,0,0,0.3,13.3
2,"2018-12-31T22:46:32,000","2018-12-31T23:23:56,000",5,21.22,2,N,132,142,1,52,0,0.5,5,5.76,0.3,63.56
2,"2018-12-31T22:45:45,000","2018-12-31T23:03:35,000",6,4.33,1,N,107,238,2,16,0.5,0.5,0,0,0.3,17.3
2,"2018-12-31T22:43:59,000","2018-12-31T23:20:53,000",5,19.62,2,N,132,113,1,52,0,0.5,20,0,0.3,72.8
2,"2018-12-31T22:43:30,000","2018-12-31T23:07:09,000",6,7.93,1,N,158,42,1,26,0.5,0.5,1,0,0.3,28.3
2,"2018-12-31T22:42:50,000","2018-12-31T23:15:06,000",5,20.67,1,N,132,14,2,55,0.5,0.5,0,0,0.3,56.3
2,"2018-12-31T22:42:30,000","2018-12-31T23:02:14,000",5,2.82,1,N,137,50,2,14,0.5,0.5,0,0,0.3,15.3
2,"2018-12-31T22:42:24,000","2018-12-31T23:04:40,000",5,5.42,1,N,137,255,1,20,0.5,0.5,0,0,0.3,21.3
2,"2018-12-31T22:42:14,000","2018-12-31T22:57:35,000",5,2.79,1,N,246,79,2,12,0.5,0.5,0,0,0.3,13.3
2,"2018-12-31T22:42:08,000","2018-12-31T22:53:24,000",6,2.14,1,N,43,262,2,10,0.5,0.5,0,0,0.3,11.3
2,"2018-12-31T22:42:07,000","2018-12-31T23:10:59,000",5,16.70,1,N,138,139,2,45,0.5,0.5,0,0,0.3,46.3
2,"2018-12-31T22:39:49,000","2018-12-31T22:53:12,000",5,5.17,1,N,80,7,2,17,0.5,0.5,0,0,0.3,18.3
2,"2018-12-31T22:39:20,000","2018-12-31T22:50:56,000",5,3.94,2,N,145,90,1,52,0,0.5,10,5.76,0.3,68.56
2,"2018-12-31T22:38:30,000","2018-12-31T23:06:32,000",6,5.34,1,N,100,226,2,21,0.5,0.5,0,0,0.3,22.3
2,"2018-12-31T22:37:53,000","2018-12-31T22:56:28,000",5,5.10,1,N,263,126,2,18,0.5,0.5,0,0,0.3,19.3
2,"2018-12-31T22:37:20,000","2018-12-31T22:49:04,000",5,2.07,1,N,158,79,2,10,0.5,0.5,0,0,0.3,11.3
2,"2018-12-31T22:36:06,000","2018-12-31T22:48:41,000",5,1.70,1,N,164,90,1,10,0.5,0.5,1,0,0.3,12.3
2,"2018-12-31T22:34:27,000","2018-12-31T22:51:10,000",6,2.37,1,N,158,113,1,12,0.5,0.5,2,0,0.3,15.3
2,"2018-12-31T22:34:26,000","2018-12-31T22:55:32,000",6,4.51,1,N,144,48,2,18,0.5,0.5,0,0,0.3,19.3
2,"2018-12-31T22:34:16,000","2018-12-31T22:48:16,000",5,1.46,1,N,48,164,1,10,0.5,0.5,1,0,0.3,12.3
2,"2018-12-31T22:33:48,000","2018-12-31T22:56:59,000",5,3.11,1,N,79,170,2,16,0.5,0.5,0,0,0.3,17.3
2,"2018-12-31T22:33:26,000","2018-12-31T22:47:16,000",5,2.70,1,N,237,68,2,12,0.5,0.5,0,0,0.3,13.3
2,"2018-12-31T22:32:27,000","2018-12-31T22:50:12,000",6,10.04,1,N,132,191,2,28,0.5,0.5,0,0,0.3,29.3
2,"2018-12-31T22:32:08,000","2018-12-31T23:00:17,000",5,9.20,1,N,142,95,2,29,0.5,0.5,0,0,0.3,30.3
2,"2018-12-31T22:30:05,000","2018-12-31T22:44:22,000",6,1.57,1,N,79,113,2,10,0.5,0.5,0,0,0.3,11.3
2,"2018-12-31T22:29:06,000","2018-12-31T22:44:40,000",6,3.59,1,N,239,42,1,14,0.5,0.5,0,0,0.3,15.3
2,"2018-12-31T22:27:46,000","2018-12-31T22:39:35,000",5,2.21,1,N,231,232,2,10,0.5,0.5,0,0,0.3,11.3
2,"2018-12-31T22:27:27,000","2018-12-31T22:45:10,000",5,4.62,1,N,48,75,2,16,0.5,0.5,0,0,0.3,17.3
2,"2018-12-31T22:27:15,000","2018-12-31T22:41:31,000",5,3.56,1,N,143,75,2,13,0.5,0.5,0,0,0.3,14.3
2,"2018-12-31T22:26:53,000","2018-12-31T22:37:20,000",5,2.28,1,N,247,116,2,10,0.5,0.5,0,0,0.3,11.3
2,"2018-12-31T22:26:53,000","2019-01-01T21:42:23,000",6,6.16,1,N,249,74,2,23,0.5,0.5,0,0,0.3,24.3
2,"2018-12-31T22:25:54,000","2018-12-31T22:40:20,000",5,1.99,1,N,79,90,1,11,0.5,0.5,1,0,0.3,13.3
2,"2018-12-31T22:25:30,000","2018-12-31T22:42:49,000",5,2.35,1,N,142,238,1,12,0.5,0.5,2,0,0.3,15.3
2,"2018-12-31T22:25:03,000","2018-12-31T22:37:49,000",5,2.30,1,N,142,43,2,11,0.5,0.5,0,0,0.3,12.3
2,"2018-12-31T22:24:51,000","2018-12-31T22:38:58,000",5,3.94,1,N,87,52,2,14,0.5,0.5,0,0,0.3,15.3
2,"2018-12-31T22:24:41,000","2018-12-31T22:48:40,000",6,14.25,1,N,132,179,2,39,0.5,0.5,0,0,0.3,40.3
2,"2018-12-31T22:24:33,000","2018-12-31T22:57:02,000",6,17.12,2,N,132,224,1,52,0,0.5,0,5.76,0.3,58.56
2,"2018-12-31T22:24:33,000","2018-12-31T22:43:15,000",5,4.39,1,N,236,224,2,17,0.5,0.5,0,0,0.3,18.3
2,"2018-12-31T22:23:21,000","2018-12-31T22:34:26,000",6,2.18,1,N,141,263,2,10,0.5,0.5,0,0,0.3,11.3
2,"2018-12-31T22:22:36,000","2018-12-31T22:44:16,000",5,2.70,1,N,236,161,2,15,0.5,0.5,0,0,0.3,16.3
2,"2018-12-31T22:22:32,000","2018-12-31T22:36:53,000",6,1.95,1,N,162,48,2,11,0.5,0.5,0,0,0.3,12.3
2,"2018-12-31T22:22:22,000","2018-12-31T22:53:34,000",6,18.86,2,N,132,236,2,52,0,0.5,0,5.76,0.3,58.56
2,"2018-12-31T22:21:39,000","2018-12-31T22:40:38,000",5,2.17,1,N,167,169,1,13,0.5,0.5,0,0,0.3,14.3
2,"2018-12-31T22:20:50,000","2018-12-31T22:46:28,000",6,5.09,1,N,146,173,2,20,0.5,0.5,0,0,0.3,21.3
2,"2018-12-31T22:19:24,000","2018-12-31T22:33:15,000",6,3.53,1,N,48,75,2,13,0.5,0.5,0,0,0.3,14.3
2,"2018-12-31T22:17:35,000","2018-12-31T22:30:01,000",5,3.72,1,N,235,116,2,13,0.5,0.5,0,0,0.3,14.3
2,"2018-12-31T22:17:08,000","2018-12-31T22:35:57,000",6,9.50,1,N,138,244,2,27,0.5,0.5,0,5.76,0.3,34.06
2,"2018-12-31T22:16:49,000","2018-12-31T23:04:17,000",5,12.52,1,N,151,254,2,43,0.5,0.5,0,0,0.3,44.3
2,"2018-12-31T22:16:47,000","2018-12-31T22:56:13,000",5,20.84,2,N,132,151,1,52,0,0.5,15,5.76,0.3,73.56
2,"2018-12-31T22:16:28,000","2018-12-31T22:44:03,000",5,5.16,1,N,263,211,1,20,0.5,0.5,0,0,0.3,21.3
2,"2018-12-31T22:15:00,000","2018-12-31T22:33:50,000",6,6.82,1,N,132,197,2,22,0.5,0.5,0,0,0.3,23.3
2,"2018-12-31T22:14:45,000","2018-12-31T23:06:47,000",5,9.75,1,N,264,264,2,39,0.5,0.5,0,0,0.3,40.3
2,"2018-12-31T22:13:30,000","2018-12-31T22:43:49,000",6,17.19,2,N,132,162,2,52,0,0.5,0,5.76,0.3,58.56
2,"2018-12-31T22:12:58,000","2018-12-31T22:46:29,000",5,8.70,1,N,186,255,2,30,0.5,0.5,0,0,0.3,31.3
2,"2018-12-31T22:12:21,000","2018-12-31T22:54:27,000",5,18.47,2,N,132,48,1,52,0,0.5,12,0,0.3,64.8
2,"2018-12-31T22:11:29,000","2018-12-31T22:43:20,000",5,19.25,2,N,132,236,2,52,0,0.5,0,5.76,0.3,58.56
2,"2018-12-31T22:11:16,000","2018-12-31T22:34:42,000",6,3.16,1,N,170,246,2,16,0.5,0.5,0,0,0.3,17.3
2,"2018-12-31T22:11:00,000","2018-12-31T22:29:52,000",6,2.56,1,N,238,50,2,14,0.5,0.5,0,0,0.3,15.3
2,"2018-12-31T22:10:44,000","2018-12-31T22:25:15,000",5,2.38,1,N,264,264,2,11,0.5,0.5,0,0,0.3,12.3
2,"2018-12-31T22:10:30,000","2018-12-31T22:28:29,000",6,4.04,1,N,158,33,1,16,0.5,0.5,4,0,0.3,21.3
2,"2018-12-31T22:08:05,000","2018-12-31T22:52:12,000",5,19.16,1,N,61,41,1,55,0.5,0.5,0,5.76,0.3,62.06
2,"2018-12-31T22:06:39,000","2018-12-31T22:29:47,000",6,4.24,1,N,229,261,2,17,0.5,0.5,0,0,0.3,18.3
2,"2018-12-31T22:06:12,000","2018-12-31T22:19:36,000",5,1.70,1,N,125,79,2,10,0.5,0.5,0,0,0.3,11.3
2,"2018-12-31T22:06:11,000","2018-12-31T22:20:14,000",5,1.41,1,N,161,186,1,10,0.5,0.5,0,0,0.3,11.3
2,"2018-12-31T22:05:45,000","2018-12-31T22:24:42,000",5,3.23,1,N,41,69,2,15,0.5,0.5,0,0,0.3,16.3
2,"2018-12-31T22:05:36,000","2018-12-31T22:26:03,000",6,2.37,1,N,249,233,2,14,0.5,0.5,0,0,0.3,15.3
2,"2018-12-31T22:05:35,000","2018-12-31T22:34:33,000",6,3.33,1,N,229,68,2,19,0.5,0.5,0,0,0.3,20.3
2,"2018-12-31T22:03:56,000","2018-12-31T22:14:26,000",6,2.68,1,N,162,262,2,10,0.5,0.5,0,0,0.3,11.3
2,"2018-12-31T22:03:12,000","2018-12-31T22:50:47,000",6,10.53,1,N,48,181,1,38,0.5,0.5,0,0,0.3,39.3
2,"2018-12-31T22:02:52,000","2018-12-31T22:18:02,000",6,6.95,1,N,138,112,1,21,0.5,0.5,8,0,0.3,30.3
2,"2018-12-31T22:02:33,000","2018-12-31T22:20:43,000",5,7.52,1,N,244,237,2,23,0.5,0.5,0,0,0.3,24.3
2,"2018-12-31T22:01:37,000","2018-12-31T22:38:00,000",5,18.13,2,N,132,161,2,52,0,0.5,0,5.76,0.3,58.56
2,"2018-12-31T22:01:04,000","2018-12-31T22:20:02,000",6,4.75,1,N,68,151,2,18,0.5,0.5,0,0,0.3,19.3
2,"2018-12-31T22:00:54,000","2018-12-31T22:21:51,000",5,6.34,1,N,48,244,2,22,0.5,0.5,0,0,0.3,23.3
2,"2018-12-31T22:00:19,000","2018-12-31T22:31:26,000",5,4.29,1,N,79,49,1,22,0.5,0.5,3,0,0.3,26.3
2,"2018-12-31T22:00:07,000","2018-12-31T22:29:42,000",5,12.80,1,N,137,174,1,37,0.5,0.5,0,0,0.3,38.3
2,"2018-12-31T21:59:39,000","2018-12-31T22:22:10,000",5,2.19,1,N,107,230,2,15,0.5,0.5,0,0,0.3,16.3
2,"2018-12-31T21:59:30,000","2018-12-31T22:13:22,000",6,2.64,1,N,236,163,1,12,0.5,0.5,1,0,0.3,14.3
2,"2018-12-31T21:59:17,000","2018-12-31T22:10:01,000",5,2.48,1,N,74,141,2,10,0.5,0.5,0,0,0.3,11.3
2,"2018-12-31T21:57:54,000","2018-12-31T22:12:48,000",5,2.50,1,N,142,170,1,12,0.5,0.5,2,0,0.3,15.3
2,"2018-12-31T21:57:20,000","2018-12-31T22:19:07,000",5,5.08,1,N,75,145,2,18,0.5,0.5,0,0,0.3,19.3
2,"2018-12-31T21:57:05,000","2018-12-31T22:16:11,000",5,1.94,1,N,142,68,2,13,0.5,0.5,0,0,0.3,14.3
2,"2018-12-31T21:56:45,000","2018-12-31T22:20:33,000",5,6.53,1,N,170,129,2,22,0.5,0.5,0,0,0.3,23.3
2,"2018-12-31T21:56:33,000","2018-12-31T22:19:41,000",6,3.42,1,N,141,148,2,16,0.5,0.5,0,0,0.3,17.3
2,"2018-12-31T21:56:11,000","2018-12-31T22:05:48,000",6,2.47,1,N,75,168,2,10,0.5,0.5,0,0,0.3,11.3
2,"2018-12-31T21:55:54,000","2018-12-31T22:27:55,000",5,6.52,1,N,230,65,1,25,0.5,0.5,0,0,0.3,26.3
2,"2018-12-31T21:54:54,000","2018-12-31T22:23:14,000",5,6.63,1,N,79,43,2,23,0.5,0.5,0,0,0.3,24.3
2,"2018-12-31T21:52:14,000","2018-12-31T22:17:38,000",5,5.57,1,N,142,4,1,21,0.5,0.5,1,0,0.3,23.3
2,"2018-12-31T21:51:57,000","2018-12-31T22:01:55,000",5,4.93,1,N,132,216,2,15,0.5,0.5,0,0,0.3,16.3
2,"2018-12-31T21:50:20,000","2018-12-31T22:05:02,000",6,3.47,1,N,137,263,2,13,0.5,0.5,0,0,0.3,14.3
2,"2018-12-31T21:49:52,000","2018-12-31T22:02:41,000",6,1.94,1,N,231,113,2,10,0.5,0.5,0,0,0.3,11.3
2,"2018-12-31T21:48:33,000","2018-12-31T22:07:00,000",6,4.22,1,N,262,107,2,16,0.5,0.5,0,0,0.3,17.3
2,"2018-12-31T21:48:15,000","2018-12-31T22:02:01,000",5,1.37,1,N,48,164,2,10,0.5,0.5,0,0,0.3,11.3
2,"2018-12-31T21:48:09,000","2018-12-31T22:03:21,000",5,1.14,1,N,162,186,2,10,0.5,0.5,0,0,0.3,11.3
2,"2018-12-31T21:47:13,000","2018-12-31T22:05:50,000",5,3.24,1,N,170,261,2,14,0.5,0.5,0,0,0.3,15.3
2,"2018-12-31T21:46:00,000","2018-12-31T22:06:21,000",5,5.35,1,N,68,74,1,19,0.5,0.5,0,20,0.3,40.3
2,"2018-12-31T21:45:29,000","2018-12-31T22:22:47,000",5,20.20,2,N,238,132,2,52,0,0.5,0,5.76,0.3,58.56
2,"2018-12-31T21:45:12,000","2018-12-31T21:45:27,000",5,0.00,5,N,61,61,1,33,0,0.5,6,0,0.3,39.8
2,"2018-12-31T21:45:05,000","2018-12-31T22:01:01,000",5,1.47,1,N,48,142,2,11,0.5,0.5,0,0,0.3,12.3
2,"2018-12-31T21:44:46,000","2018-12-31T22:00:12,000",6,3.57,1,N,262,163,2,13,0.5,0.5,0,0,0.3,14.3
2,"2018-12-31T21:44:25,000","2018-12-31T21:56:43,000",5,2.12,1,N,152,74,2,10,0.5,0.5,0,0,0.3,11.3
2,"2018-12-31T21:44:00,000","2018-12-31T21:52:30,000",6,6.44,2,N,93,223,2,52,0,0.5,0,0,0.3,52.8
2,"2018-12-31T21:43:14,000","2018-12-31T21:53:16,000",5,2.05,1,N,238,43,2,10,0.5,0.5,0,0,0.3,11.3
2,"2018-12-31T21:43:08,000","2018-12-31T21:59:32,000",5,1.18,1,N,48,68,1,11,0.5,0.5,1,0,0.3,13.3
2,"2018-12-31T21:42:51,000","2018-12-31T22:02:10,000",5,0.84,1,N,48,68,2,12,0.5,0.5,0,0,0.3,13.3
2,"2018-12-31T21:42:10,000","2018-12-31T22:13:11,000",6,7.80,1,N,161,87,2,27,0.5,0.5,0,0,0.3,28.3
2,"2018-12-31T21:42:03,000","2018-12-31T21:57:47,000",5,2.43,1,N,249,170,2,12,0.5,0.5,0,0,0.3,13.3
2,"2018-12-31T21:40:15,000","2018-12-31T21:59:59,000",5,6.64,1,N,209,262,2,22,0.5,0.5,0,0,0.3,23.3
2,"2018-12-31T21:39:17,000","2018-12-31T21:52:10,000",5,2.50,1,N,234,162,1,11,0.5,0.5,2,0,0.3,14.3
2,"2018-12-31T21:39:10,000","2018-12-31T21:53:12,000",6,1.85,1,N,114,68,2,11,0.5,0.5,0,0,0.3,12.3
2,"2018-12-31T21:38:56,000","2018-12-31T21:53:46,000",5,2.02,1,N,142,170,2,11,0.5,0.5,0,0,0.3,12.3
2,"2018-12-31T21:38:38,000","2018-12-31T22:01:38,000",5,2.91,1,N,162,79,1,16,0.5,0.5,4,0,0.3,21.3
2,"2018-12-31T21:37:36,000","2018-12-31T21:51:22,000",5,3.35,1,N,236,168,2,13,0.5,0.5,0,0,0.3,14.3
2,"2018-12-31T21:37:20,000","2018-12-31T21:52:36,000",6,4.59,1,N,229,42,2,15,0.5,0.5,0,0,0.3,16.3
2,"2018-12-31T21:37:10,000","2018-12-31T21:56:41,000",6,3.99,1,N,79,145,1,16,0.5,0.5,2,5.76,0.3,25.06
2,"2018-12-31T21:36:08,000","2018-12-31T22:23:17,000",5,21.58,2,N,132,143,2,52,0,0.5,0,5.76,0.3,58.56
2,"2018-12-31T21:35:58,000","2018-12-31T21:56:33,000",5,4.25,1,N,100,193,1,17,0.5,0.5,0,0,0.3,18.3
2,"2018-12-31T21:35:12,000","2018-12-31T21:55:58,000",6,2.99,1,N,142,170,1,15,0.5,0.5,4,0,0.3,20.3
2,"2018-12-31T21:34:31,000","2018-12-31T22:07:06,000",5,6.24,1,N,107,42,2,24,0.5,0.5,0,0,0.3,25.3
2,"2018-12-31T21:34:30,000","2018-12-31T22:10:17,000",5,7.77,1,N,137,167,1,28,0.5,0.5,0,0,0.3,29.3
2,"2018-12-31T21:34:08,000","2018-12-31T21:57:48,000",5,6.33,1,N,236,223,2,22,0.5,0.5,0,0,0.3,23.3
2,"2018-12-31T21:33:26,000","2018-12-31T21:49:54,000",6,2.99,1,N,68,143,1,13,0.5,0.5,3,0,0.3,19.25
2,"2018-12-31T21:33:25,000","2018-12-31T21:46:03,000",6,2.79,1,N,140,224,2,12,0.5,0.5,0,0,0.3,13.3
2,"2018-12-31T21:33:22,000","2018-12-31T22:19:15,000",5,22.52,1,N,74,108,1,61,0.5,0.5,0,5.76,0.3,68.06
2,"2018-12-31T21:32:10,000","2018-12-31T22:15:55,000",5,20.87,1,N,132,14,2,57,0.5,0.5,0,0,0.3,58.3
2,"2018-12-31T21:31:35,000","2018-12-31T22:00:32,000",6,15.19,1,N,138,133,1,41,0.5,0.5,6,0,0.3,48.3
2,"2018-12-31T21:31:07,000","2018-12-31T21:47:23,000",6,3.16,1,N,43,166,2,13,0.5,0.5,0,0,0.3,14.3
2,"2018-12-31T21:30:18,000","2018-12-31T21:46:24,000",5,3.15,1,N,48,233,2,13,0.5,0.5,0,0,0.3,14.3
2,"2018-12-31T21:29:52,000","2018-12-31T21:43:52,000",5,1.58,1,N,68,142,1,10,0.5,0.5,3,0,0.3,14.3
2,"2018-12-31T21:29:10,000","2018-12-31T21:42:28,000",6,3.72,1,N,88,79,2,14,0.5,0.5,0,0,0.3,15.3
2,"2018-12-31T21:28:54,000","2018-12-31T21:44:47,000",5,1.75,1,N,114,4,2,11,0.5,0.5,0,0,0.3,12.3
2,"2018-12-31T21:27:00,000","2018-12-31T21:40:02,000",5,3.03,1,N,142,166,2,12,0.5,0.5,0,0,0.3,13.3
2,"2018-12-31T21:26:50,000","2018-12-31T21:56:26,000",5,16.15,1,N,132,145,1,44,0.5,0.5,6,0,0.3,51.3
2,"2018-12-31T21:26:10,000","2018-12-31T21:51:15,000",5,5.25,1,N,209,164,2,21,0.5,0.5,0,0,0.3,22.3
2,"2018-12-31T21:25:23,000","2018-12-31T22:01:09,000",6,6.29,1,N,68,49,2,26,0.5,0.5,0,0,0.3,27.3
2,"2018-12-31T21:24:59,000","2018-12-31T22:02:31,000",5,7.62,1,N,230,261,1,29,0.5,0.5,0,0,0.3,30.3
2,"2018-12-31T21:24:25,000","2018-12-31T21:41:45,000",5,3.24,1,N,142,75,1,14,0.5,0.5,0,0,0.3,15.3
2,"2018-12-31T21:23:50,000","2018-12-31T21:49:25,000",6,3.38,1,N,237,68,1,17,0.5,0.5,4,0,0.3,22.3
2,"2018-12-31T21:23:34,000","2018-12-31T21:41:58,000",6,1.59,1,N,229,164,2,12,0.5,0.5,0,0,0.3,13.3
2,"2018-12-31T21:23:34,000","2018-12-31T21:56:31,000",5,7.85,1,N,164,198,2,27,0.5,0.5,0,0,0.3,28.3
2,"2018-12-31T21:23:34,000","2018-12-31T21:43:50,000",5,4.57,1,N,50,236,2,19,0.5,0.5,0,0,0.3,20.3
2,"2018-12-31T21:22:59,000","2018-12-31T21:53:34,000",5,10.06,1,N,50,78,2,32,0.5,0.5,0,0,0.3,33.3
2,"2018-12-31T21:22:57,000","2018-12-31T21:50:37,000",5,4.70,1,N,79,236,2,20,0.5,0.5,0,0,0.3,21.3
2,"2018-12-31T21:22:06,000","2018-12-31T21:40:16,000",6,2.57,1,N,114,161,2,13,0.5,0.5,0,0,0.3,14.3
2,"2018-12-31T21:21:47,000","2018-12-31T21:36:49,000",5,1.94,1,N,48,68,2,11,0.5,0.5,0,0,0.3,12.3
2,"2018-12-31T21:21:14,000","2018-12-31T21:51:35,000",5,3.94,1,N,229,114,1,20,0.5,0.5,5,0,0.3,26.3
2,"2018-12-31T21:21:07,000","2018-12-31T21:34:13,000",5,2.26,1,N,234,246,1,11,0.5,0.5,2,0,0.3,14.3
2,"2018-12-31T21:20:47,000","2018-12-31T21:33:48,000",5,1.80,1,N,229,164,2,10,0.5,0.5,0,0,0.3,11.3
2,"2018-12-31T21:20:07,000","2018-12-31T21:38:52,000",5,3.18,1,N,238,238,2,15,0.5,0.5,0,0,0.3,16.3
2,"2018-12-31T21:19:37,000","2018-12-31T21:36:01,000",6,0.92,1,N,100,68,2,11,0.5,0.5,0,0,0.3,12.3
2,"2018-12-31T21:19:20,000","2018-12-31T21:38:44,000",6,2.86,1,N,230,79,2,14,0.5,0.5,0,0,0.3,15.3
2,"2018-12-31T21:19:19,000","2018-12-31T21:39:32,000",5,2.66,1,N,234,50,1,14,0.5,0.5,0,0,0.3,15.3
2,"2018-12-31T21:18:58,000","2018-12-31T21:42:58,000",5,1.76,1,N,100,234,1,15,0.5,0.5,2,0,0.3,18.3
2,"2018-12-31T21:18:42,000","2018-12-31T21:30:11,000",5,2.25,1,N,236,229,1,10,0.5,0.5,1,0,0.3,12.3
2,"2018-12-31T21:18:39,000","2018-12-31T22:04:06,000",5,13.14,1,N,107,220,2,42,0.5,0.5,0,0,0.3,43.3
2,"2018-12-31T21:18:28,000","2018-12-31T21:35:18,000",5,10.57,1,N,132,121,2,29,0.5,0.5,0,0,0.3,30.3
2,"2018-12-31T21:18:02,000","2018-12-31T21:39:04,000",6,4.10,1,N,225,255,1,16,0.5,0.5,0,0,0.3,22.25
2,"2018-12-31T21:16:44,000","2018-12-31T21:39:01,000",6,3.45,1,N,222,177,1,16,0.5,0.5,0,0,0.3,17.3
2,"2018-12-31T21:15:22,000","2018-12-31T21:42:12,000",6,4.88,1,N,13,48,2,21,0.5,0.5,0,0,0.3,22.3
2,"2018-12-31T21:15:21,000","2018-12-31T21:34:46,000",6,2.54,1,N,164,43,2,14,0.5,0.5,0,0,0.3,15.3
1,"2018-12-31T21:15:17,000","2018-12-31T21:32:14,000",5,3.20,1,N,164,75,2,14,0.5,0.5,0,0,0.3,15.3
2,"2018-12-31T21:14:17,000","2018-12-31T21:34:32,000",6,5.40,1,N,233,166,2,18,0.5,0.5,0,0,0.3,19.3
2,"2018-12-31T21:13:35,000","2018-12-31T21:37:58,000",5,2.95,1,N,162,158,2,17,0.5,0.5,0,0,0.3,18.3
2,"2018-12-31T21:13:21,000","2018-12-31T21:23:52,000",5,2.69,1,N,246,239,2,11,0.5,0.5,0,0,0.3,12.3
2,"2018-12-31T21:12:14,000","2018-12-31T21:21:13,000",5,2.76,1,N,141,74,1,10,0.5,0.5,5,0,0.3,16.3
2,"2018-12-31T21:12:01,000","2018-12-31T21:40:18,000",5,12.47,1,N,236,3,1,36,0.5,0.5,3,0,0.3,40.3
2,"2018-12-31T21:11:19,000","2018-12-31T21:40:34,000",5,5.31,1,N,48,148,2,21,0.5,0.5,0,0,0.3,22.3
2,"2018-12-31T21:10:08,000","2018-12-31T21:35:25,000",6,16.67,2,N,132,145,2,52,0,0.5,0,5.76,0.3,58.56
2,"2018-12-31T21:07:24,000","2018-12-31T21:42:15,000",5,10.16,1,N,230,127,2,33,0.5,0.5,0,0,0.3,34.3
2,"2018-12-31T21:06:58,000","2018-12-31T21:26:12,000",5,3.54,1,N,68,232,2,15,0.5,0.5,0,0,0.3,16.3
2,"2018-12-31T21:06:42,000","2018-12-31T21:36:39,000",6,4.47,1,N,100,148,1,21,0.5,0.5,0,0,0.3,22.3
2,"2018-12-31T21:06:13,000","2018-12-31T21:28:25,000",5,4.35,1,N,107,239,2,18,0.5,0.5,0,0,0.3,19.3
2,"2018-12-31T21:06:04,000","2018-12-31T21:26:58,000",5,2.30,1,N,234,48,2,14,0.5,0.5,0,0,0.3,15.3
2,"2018-12-31T21:06:02,000","2018-12-31T21:14:02,000",5,3.78,1,N,132,216,2,12,0.5,0.5,0,0,0.3,13.3
2,"2018-12-31T21:05:01,000","2018-12-31T21:43:43,000",5,19.03,1,N,132,255,1,53,0.5,0.5,2,0,0.3,56.3
2,"2018-12-31T21:04:46,000","2018-12-31T21:20:07,000",6,1.69,1,N,142,246,2,11,0.5,0.5,0,0,0.3,12.3
2,"2018-12-31T21:03:59,000","2018-12-31T21:15:57,000",6,3.12,1,N,243,152,1,12,0.5,0.5,0,0,0.3,13.3
2,"2018-12-31T21:03:56,000","2018-12-31T21:28:00,000",5,4.16,1,N,230,231,2,18,0.5,0.5,0,0,0.3,19.3
2,"2018-12-31T21:03:07,000","2018-12-31T21:30:48,000",5,3.55,1,N,161,45,2,18,0.5,0.5,0,0,0.3,19.3
2,"2018-12-31T21:02:41,000","2018-12-31T21:16:12,000",5,2.44,1,N,263,143,2,11,0.5,0.5,0,0,0.3,12.3
2,"2018-12-31T21:02:12,000","2018-12-31T21:15:12,000",5,2.48,1,N,229,236,1,11,0.5,0.5,2,0,0.3,14.3
2,"2018-12-31T21:02:09,000","2018-12-31T21:29:28,000",5,13.02,1,N,132,91,2,36,0.5,0.5,0,0,0.3,37.3
2,"2018-12-31T21:02:00,000","2018-12-31T21:36:29,000",6,5.02,1,N,129,160,2,24,0.5,0.5,0,0,0.3,25.3
2,"2018-12-31T21:01:57,000","2018-12-31T21:33:29,000",6,2.84,1,N,234,246,2,17,0.5,0.5,0,0,0.3,18.3
2,"2018-12-31T21:01:22,000","2018-12-31T21:31:26,000",5,8.34,1,N,186,82,1,29,0.5,0.5,7,5.76,0.3,43.06
1,"2018-12-31T21:01:18,000","2018-12-31T21:51:07,000",5,14.30,1,N,159,62,1,44,0.5,0.5,0,5.76,0.3,51.06
2,"2018-12-31T21:00:58,000","2018-12-31T21:12:02,000",6,3.16,1,N,79,88,2,12,0.5,0.5,0,0,0.3,13.3
2,"2018-12-31T21:00:56,000","2018-12-31T21:40:04,000",5,17.93,2,N,132,107,1,52,0,0.5,10,5.76,0.3,68.56
1,"2018-12-31T21:00:47,000","2018-12-31T21:27:41,000",5,3.10,1,N,162,114,1,17,0.5,0.5,0,0,0.3,18.3
2,"2018-12-31T21:00:41,000","2018-12-31T21:12:08,000",5,1.87,1,N,237,48,2,10,0.5,0.5,0,0,0.3,11.3
2,"2018-12-31T21:00:04,000","2018-12-31T21:26:19,000",5,8.11,1,N,138,17,2,25,0.5,0.5,0,0,0.3,26.3
2,"2018-12-31T20:58:52,000","2018-12-31T21:31:44,000",6,16.10,2,N,107,132,1,52,0,0.5,10,5.76,0.3,68.56
2,"2018-12-31T20:58:40,000","2018-12-31T21:15:02,000",5,2.35,1,N,234,144,1,12,0.5,0.5,1,0,0.3,14.3
2,"2018-12-31T20:58:38,000","2018-12-31T21:10:52,000",5,1.88,1,N,140,161,2,10,0.5,0.5,0,0,0.3,11.3
2,"2018-12-31T20:58:15,000","2018-12-31T21:31:58,000",5,8.31,1,N,186,244,2,30,0.5,0.5,0,0,0.3,31.3
2,"2018-12-31T20:57:03,000","2018-12-31T21:31:27,000",5,18.34,2,N,132,161,2,52,0,0.5,0,5.76,0.3,58.56
2,"2018-12-31T20:57:02,000","2018-12-31T21:17:07,000",5,4.05,1,N,68,24,2,16,0.5,0.5,0,0,0.3,17.3
2,"2018-12-31T20:57:01,000","2018-12-31T21:15:11,000",6,2.54,1,N,162,114,2,13,0.5,0.5,0,0,0.3,14.3
2,"2018-12-31T20:57:00,000","2018-12-31T21:09:56,000",5,2.58,1,N,142,263,2,11,0.5,0.5,0,0,0.3,12.3
2,"2018-12-31T20:56:10,000","2018-12-31T21:30:00,000",6,6.80,1,N,166,137,2,26,0.5,0.5,0,0,0.3,27.3
2,"2018-12-31T20:55:24,000","2018-12-31T21:21:00,000",5,3.09,1,N,164,114,2,17,0.5,0.5,0,0,0.3,18.3
2,"2018-12-31T20:54:31,000","2018-12-31T21:24:41,000",5,9.30,1,N,229,128,2,30,0.5,0.5,0,0,0.3,31.3
2,"2018-12-31T20:54:10,000","2018-12-31T21:18:15,000",6,2.87,1,N,142,164,2,16,0.5,0.5,0,0,0.3,17.3
2,"2018-12-31T20:53:42,000","2018-12-31T21:06:00,000",5,2.18,1,N,264,264,2,10,0.5,0.5,0,0,0.3,11.3
2,"2018-12-31T20:53:42,000","2018-12-31T21:07:49,000",5,2.80,1,N,142,239,2,10,0.5,0.5,0,0,0.3,11.3
2,"2018-12-31T20:53:40,000","2018-12-31T21:10:00,000",6,1.40,1,N,163,170,2,11,0.5,0.5,0,0,0.3,12.3
2,"2018-12-31T20:53:10,000","2018-12-31T21:11:53,000",5,2.11,1,N,246,142,2,13,0.5,0.5,0,0,0.3,14.3
2,"2018-12-31T20:52:33,000","2018-12-31T21:20:50,000",5,5.82,1,N,48,87,2,24,0.5,0.5,0,0,0.3,25.3
2,"2018-12-31T20:52:25,000","2018-12-31T21:16:13,000",6,3.47,1,N,238,229,1,17,0.5,0.5,3,0,0.3,21.3
2,"2018-12-31T20:51:24,000","2018-12-31T21:13:29,000",5,1.24,1,N,100,50,2,14,0.5,0.5,0,0,0.3,15.3
2,"2018-12-31T20:50:39,000","2018-12-31T21:02:08,000",5,2.06,1,N,142,161,2,10,0.5,0.5,0,0,0.3,11.3
2,"2018-12-31T20:50:28,000","2018-12-31T21:05:17,000",5,2.62,1,N,140,239,1,12,0.5,0.5,2,0,0.3,15.3
2,"2018-12-31T20:50:10,000","2018-12-31T21:08:26,000",5,3.49,1,N,162,249,2,14,0.5,0.5,0,0,0.3,15.3
2,"2018-12-31T20:49:36,000","2018-12-31T21:09:46,000",5,6.48,1,N,132,38,2,21,0.5,0.5,0,0,0.3,22.3
2,"2018-12-31T20:49:25,000","2018-12-31T21:04:31,000",6,1.62,1,N,161,234,2,11,0.5,0.5,0,0,0.3,12.3
2,"2018-12-31T20:48:49,000","2018-12-31T21:19:33,000",5,2.85,1,N,239,246,2,19,0.5,0.5,0,0,0.3,20.3
2,"2018-12-31T20:48:25,000","2018-12-31T21:12:42,000",5,6.16,1,N,152,146,2,22,0.5,0.5,0,5.76,0.3,29.06
2,"2018-12-31T20:47:49,000","2018-12-31T21:09:45,000",6,8.49,1,N,138,9,2,25,0.5,0.5,0,0,0.3,26.3
2,"2018-12-31T20:47:26,000","2018-12-31T21:04:29,000",6,1.85,1,N,100,48,2,11,0.5,0.5,0,0,0.3,12.3
2,"2018-12-31T20:47:08,000","2018-12-31T21:26:12,000",5,11.17,1,N,138,107,1,36,0.5,0.5,0,0,0.3,37.3
2,"2018-12-31T20:46:18,000","2018-12-31T21:48:40,000",5,18.31,1,N,151,76,1,60,0.5,0.5,0,5.76,0.3,67.06
2,"2018-12-31T20:46:08,000","2018-12-31T21:20:59,000",5,18.96,2,N,132,113,1,52,0,0.5,10,5.76,0.3,68.56
2,"2018-12-31T20:45:55,000","2018-12-31T21:23:02,000",6,9.67,1,N,239,217,2,32,0.5,0.5,0,0,0.3,33.3
2,"2018-12-31T20:45:37,000","2018-12-31T21:01:39,000",5,2.38,1,N,161,48,2,12,0.5,0.5,0,0,0.3,13.3
2,"2018-12-31T20:43:38,000","2018-12-31T21:34:34,000",6,9.36,1,N,211,210,2,36,0.5,0.5,0,0,0.3,37.3
2,"2018-12-31T20:43:28,000","2018-12-31T21:06:50,000",6,3.10,1,N,68,113,1,16,0.5,0.5,0,0,0.3,17.3
2,"2018-12-31T20:43:25,000","2018-12-31T20:56:49,000",6,1.82,1,N,125,232,2,10,0.5,0.5,0,0,0.3,11.3
2,"2018-12-31T20:43:01,000","2018-12-31T21:06:59,000",5,5.69,1,N,74,186,2,21,0.5,0.5,0,0,0.3,22.3
1,"2018-12-31T20:42:48,000","2018-12-31T21:03:21,000",5,2.20,1,N,142,234,2,14,0.5,0.5,0,0,0.3,15.3
2,"2018-12-31T20:42:24,000","2018-12-31T21:10:06,000",5,10.97,4,N,132,265,2,43,0.5,0.5,0,0,0.3,44.3
2,"2018-12-31T20:42:16,000","2018-12-31T21:16:29,000",6,2.26,1,N,161,48,1,20,0.5,0.5,4,0,0.3,25.3
2,"2018-12-31T20:40:44,000","2018-12-31T21:06:19,000",5,4.10,1,N,188,177,1,19,0.5,0.5,0,0,0.3,20.3
2,"2018-12-31T20:38:45,000","2018-12-31T21:06:52,000",5,3.37,1,N,137,88,2,17,0.5,0.5,0,0,0.3,18.3
2,"2018-12-31T20:38:10,000","2018-12-31T21:00:07,000",5,2.63,1,N,161,158,2,15,0.5,0.5,0,0,0.3,16.3
2,"2018-12-31T20:37:44,000","2018-12-31T20:47:53,000",6,2.94,1,N,132,10,2,11,0.5,0.5,0,0,0.3,12.3
2,"2018-12-31T20:37:15,000","2018-12-31T21:13:27,000",5,14.17,1,N,138,181,2,41,0.5,0.5,0,0,0.3,42.3
2,"2018-12-31T20:35:43,000","2018-12-31T20:52:42,000",5,4.34,1,N,141,129,2,16,0.5,0.5,0,0,0.3,17.3
2,"2018-12-31T20:35:25,000","2018-12-31T20:54:18,000",6,3.54,1,N,222,72,1,15,0.5,0.5,0,0,0.3,16.3
2,"2018-12-31T20:34:43,000","2018-12-31T20:55:53,000",5,5.74,1,N,162,87,2,20,0.5,0.5,0,0,0.3,21.3
2,"2018-12-31T20:34:11,000","2018-12-31T20:49:46,000",5,1.60,1,N,161,234,1,11,0.5,0.5,1,0,0.3,13.3
2,"2018-12-31T20:34:08,000","2018-12-31T20:54:11,000",5,7.96,1,N,263,231,1,24,0.5,0.5,0,0,0.3,25.3
2,"2018-12-31T20:33:34,000","2018-12-31T20:49:20,000",6,1.75,1,N,233,234,1,11,0.5,0.5,2,0,0.3,14.3
2,"2018-12-31T20:33:15,000","2018-12-31T20:45:14,000",6,2.24,1,N,186,229,2,10,0.5,0.5,0,0,0.3,11.3
2,"2018-12-31T20:33:14,000","2018-12-31T21:11:07,000",5,17.20,2,N,132,229,2,52,0,0.5,0,0,0.3,52.8
2,"2018-12-31T20:33:10,000","2018-12-31T20:48:57,000",5,2.30,1,N,164,249,2,11,0.5,0.5,0,0,0.3,12.3
2,"2018-12-31T20:33:08,000","2018-12-31T20:49:05,000",5,2.67,1,N,239,140,1,13,0.5,0.5,1,0,0.3,15.3
2,"2018-12-31T20:32:33,000","2018-12-31T20:43:04,000",5,2.59,1,N,263,233,2,10,0.5,0.5,0,0,0.3,11.3
2,"2018-12-31T20:32:32,000","2018-12-31T20:49:20,000",5,3.14,1,N,161,231,2,13,0.5,0.5,0,0,0.3,14.3
2,"2018-12-31T20:31:50,000","2018-12-31T20:53:42,000",5,4.94,1,N,68,151,2,19,0.5,0.5,0,0,0.3,20.3
2,"2018-12-31T20:31:17,000","2018-12-31T21:07:34,000",6,7.69,1,N,41,137,1,29,0.5,0.5,3,0,0.3,33.3
2,"2018-12-31T20:30:50,000","2018-12-31T21:09:11,000",6,13.89,1,N,143,228,2,41,0.5,0.5,0,0,0.3,42.3
2,"2018-12-31T20:30:46,000","2018-12-31T20:45:53,000",5,2.52,1,N,244,159,2,12,0.5,0.5,0,0,0.3,13.3
2,"2018-12-31T20:30:23,000","2018-12-31T21:01:12,000",5,3.52,1,N,162,246,2,20,0.5,0.5,0,0,0.3,21.3
2,"2018-12-31T20:29:44,000","2018-12-31T20:51:07,000",6,6.07,1,N,162,13,2,21,0.5,0.5,0,0,0.3,22.3
2,"2018-12-31T20:28:10,000","2018-12-31T20:52:10,000",5,5.26,1,N,161,87,2,20,0.5,0.5,0,0,0.3,21.3
2,"2018-12-31T20:27:47,000","2018-12-31T21:03:10,000",5,15.38,1,N,132,145,2,44,0.5,0.5,0,0,0.3,45.3
2,"2018-12-31T20:27:38,000","2018-12-31T20:49:30,000",5,2.01,1,N,162,113,2,14,0.5,0.5,0,0,0.3,15.3
2,"2018-12-31T20:27:33,000","2018-12-31T20:48:03,000",5,2.57,1,N,163,137,2,15,0.5,0.5,0,0,0.3,16.3
2,"2018-12-31T20:27:32,000","2018-12-31T20:41:50,000",6,2.31,1,N,229,107,2,11,0.5,0.5,0,0,0.3,12.3
2,"2018-12-31T20:25:54,000","2018-12-31T20:42:25,000",5,1.64,1,N,247,119,2,12,0.5,0.5,0,0,0.3,13.3
2,"2018-12-31T20:25:32,000","2018-12-31T21:04:05,000",6,3.09,1,N,162,246,2,23,0.5,0.5,0,0,0.3,24.3
2,"2018-12-31T20:25:10,000","2018-12-31T20:45:17,000",5,3.39,1,N,141,246,1,15,0.5,0.5,0,0,0.3,16.3
1,"2018-12-31T20:24:36,000","2018-12-31T21:39:09,000",6,24.10,1,N,186,117,2,74,0.5,0.5,0,0,0.3,75.3
2,"2018-12-31T20:23:28,000","2018-12-31T20:46:54,000",5,9.39,1,N,129,216,2,28,0.5,0.5,0,0,0.3,29.3
2,"2018-12-31T20:22:55,000","2018-12-31T20:34:49,000",5,2.49,1,N,140,137,1,11,0.5,0.5,5,0,0.3,17.3
2,"2018-12-31T20:21:40,000","2018-12-31T20:51:09,000",6,11.90,1,N,138,127,2,35,0.5,0.5,0,5.76,0.3,42.06
2,"2018-12-31T20:21:22,000","2018-12-31T20:43:14,000",5,2.91,1,N,55,108,1,16,0.5,0.5,0,0,0.3,17.3
2,"2018-12-31T20:20:16,000","2018-12-31T20:47:50,000",6,11.98,2,N,28,237,1,52,0,0.5,2,0,0.3,54.8
2,"2018-12-31T20:19:11,000","2018-12-31T20:33:02,000",5,1.67,1,N,162,113,2,10,0.5,0.5,0,0,0.3,11.3
2,"2018-12-31T20:19:00,000","2018-12-31T21:06:23,000",6,16.58,1,N,132,80,1,48,0.5,0.5,3,0,0.3,52.3
2,"2018-12-31T20:18:10,000","2018-12-31T21:13:55,000",6,21.48,2,N,132,87,1,52,0,0.5,0,0,0.3,52.8
2,"2018-12-31T20:17:41,000","2018-12-31T20:32:06,000",5,2.69,1,N,79,161,2,12,0.5,0.5,0,0,0.3,13.3
2,"2018-12-31T20:15:35,000","2018-12-31T20:36:10,000",6,3.66,1,N,24,244,2,16,0.5,0.5,0,0,0.3,17.3
2,"2018-12-31T20:14:58,000","2018-12-31T20:30:32,000",6,1.79,1,N,90,79,2,11,0.5,0.5,0,0,0.3,12.3
2,"2018-12-31T20:14:56,000","2018-12-31T20:30:34,000",5,1.97,1,N,161,43,2,11,0.5,0.5,0,0,0.3,12.3
2,"2018-12-31T20:14:56,000","2018-12-31T20:15:07,000",5,0.00,5,N,1,1,1,85,0,0.5,0,20,0.3,105.8
2,"2018-12-31T20:14:36,000","2018-12-31T20:43:05,000",5,4.30,1,N,75,170,2,20,0.5,0.5,0,0,0.3,21.3
2,"2018-12-31T20:14:11,000","2018-12-31T20:31:56,000",5,3.29,1,N,87,148,1,15,0.5,0.5,1,0,0.3,17.3
2,"2018-12-31T20:14:10,000","2018-12-31T20:36:21,000",6,2.00,1,N,107,158,1,14,0.5,0.5,1,0,0.3,16.3
2,"2018-12-31T20:13:54,000","2018-12-31T20:28:03,000",5,2.75,1,N,142,75,2,12,0.5,0.5,0,0,0.3,13.3
2,"2018-12-31T20:13:52,000","2018-12-31T20:22:01,000",5,2.78,1,N,141,170,2,10,0.5,0.5,0,0,0.3,11.3
2,"2018-12-31T20:13:49,000","2018-12-31T20:38:14,000",5,2.93,1,N,140,48,2,16,0.5,0.5,0,0,0.3,17.3
2,"2018-12-31T20:13:12,000","2018-12-31T20:27:31,000",5,1.62,1,N,87,12,2,10,0.5,0.5,0,0,0.3,11.3
2,"2018-12-31T20:12:45,000","2018-12-31T20:50:28,000",6,9.23,1,N,138,48,1,33,0.5,0.5,5,5.76,0.3,45.06
2,"2018-12-31T20:11:42,000","2018-12-31T20:48:01,000",6,16.50,2,N,132,141,1,52,0,0.5,10,0,0.3,62.8
2,"2018-12-31T20:11:30,000","2018-12-31T20:24:33,000",5,2.51,1,N,233,68,1,11,0.5,0.5,2,0,0.3,14.3
2,"2018-12-31T20:10:58,000","2018-12-31T20:17:09,000",5,3.44,1,N,134,132,2,11,0.5,0.5,0,0,0.3,12.3
2,"2018-12-31T20:10:58,000","2018-12-31T20:47:26,000",6,10.91,1,N,107,235,2,35,0.5,0.5,0,0,0.3,36.3
2,"2018-12-31T20:10:42,000","2018-12-31T20:22:22,000",5,2.43,1,N,236,142,2,10,0.5,0.5,0,0,0.3,11.3
2,"2018-12-31T20:10:08,000","2018-12-31T20:29:57,000",6,9.10,1,N,148,95,2,27,0.5,0.5,0,0,0.3,28.3
2,"2018-12-31T20:09:53,000","2018-12-31T20:28:42,000",5,2.41,1,N,233,68,2,13,0.5,0.5,0,0,0.3,14.3
2,"2018-12-31T20:09:17,000","2018-12-31T20:25:45,000",5,2.52,1,N,162,249,2,12,0.5,0.5,0,0,0.3,13.3
2,"2018-12-31T20:09:11,000","2018-12-31T20:26:40,000",5,1.72,1,N,142,68,1,12,0.5,0.5,0,0,0.3,13.3
2,"2018-12-31T20:09:07,000","2018-12-31T20:48:34,000",5,4.23,1,N,152,41,2,25,0.5,0.5,0,0,0.3,26.3
2,"2018-12-31T20:08:41,000","2018-12-31T20:27:02,000",5,3.41,1,N,236,137,2,14,0.5,0.5,0,0,0.3,15.3
2,"2018-12-31T20:08:25,000","2018-12-31T20:21:54,000",5,1.69,1,N,142,230,2,10,0.5,0.5,0,0,0.3,11.3
2,"2018-12-31T20:08:12,000","2018-12-31T20:33:12,000",6,7.79,1,N,244,162,2,25,0.5,0.5,0,0,0.3,26.3
2,"2018-12-31T20:07:49,000","2018-12-31T20:28:03,000",5,5.91,1,N,226,74,2,20,0.5,0.5,0,0,0.3,21.3
2,"2018-12-31T20:07:46,000","2018-12-31T20:22:50,000",5,3.79,1,N,170,238,2,14,0.5,0.5,0,0,0.3,15.3
2,"2018-12-31T20:07:23,000","2018-12-31T20:26:24,000",5,3.76,1,N,79,140,2,15,0.5,0.5,0,0,0.3,16.3
2,"2018-12-31T20:07:01,000","2018-12-31T20:27:01,000",5,3.38,1,N,162,125,2,15,0.5,0.5,0,0,0.3,16.3
2,"2018-12-31T20:06:30,000","2018-12-31T20:24:14,000",5,3.59,1,N,90,88,2,14,0.5,0.5,0,0,0.3,15.3
2,"2018-12-31T20:05:51,000","2018-12-31T20:15:33,000",5,3.35,1,N,263,233,2,12,0.5,0.5,0,0,0.3,13.3
2,"2018-12-31T20:05:27,000","2018-12-31T20:20:31,000",5,1.81,1,N,186,233,2,11,0.5,0.5,0,0,0.3,12.3
2,"2018-12-31T20:04:31,000","2018-12-31T20:19:58,000",5,2.01,1,N,161,68,2,11,0.5,0.5,0,0,0.3,12.3
2,"2018-12-31T20:04:01,000","2018-12-31T20:42:43,000",6,16.29,1,N,132,255,2,46,0.5,0.5,0,0,0.3,47.3
2,"2018-12-31T20:02:50,000","2018-12-31T20:42:31,000",5,11.14,1,N,138,62,1,37,1,0.5,5,0,0.3,43.8
2,"2018-12-31T20:02:35,000","2018-12-31T20:44:44,000",6,21.83,1,N,132,52,1,58,0.5,0.5,12,0,0.3,71.3
2,"2018-12-31T20:01:21,000","2018-12-31T20:29:35,000",5,8.94,1,N,161,244,2,29,1,0.5,0,0,0.3,30.8
2,"2018-12-31T20:01:19,000","2018-12-31T20:18:32,000",5,5.48,1,N,152,48,2,19,0.5,0.5,0,0,0.3,20.3
2,"2018-12-31T20:01:16,000","2018-12-31T20:11:32,000",5,2.50,1,N,263,170,2,10,0.5,0.5,0,0,0.3,11.3
2,"2018-12-31T20:00:20,000","2018-12-31T20:43:55,000",5,17.96,2,N,230,132,2,52,0,0.5,0,0,0.3,52.8
2,"2018-12-31T19:57:32,000","2018-12-31T20:10:08,000",6,2.59,1,N,43,137,1,11,1,0.5,2,0,0.3,14.8
2,"2018-12-31T19:55:21,000","2018-12-31T20:40:30,000",5,19.67,2,N,132,125,2,52,4.5,0.5,0,0,0.3,57.3
2,"2018-12-31T19:54:29,000","2018-12-31T20:45:16,000",6,18.63,2,N,132,68,2,52,4.5,0.5,0,5.76,0.3,63.06
2,"2018-12-31T19:54:25,000","2018-12-31T20:13:55,000",5,5.44,1,N,164,88,2,19,1,0.5,0,0,0.3,20.8
2,"2018-12-31T19:53:45,000","2018-12-31T20:11:21,000",5,6.78,1,N,132,132,2,22,1,0.5,0,0,0.3,23.8
2,"2018-12-31T19:53:38,000","2018-12-31T20:12:50,000",6,3.57,1,N,107,236,1,16,1,0.5,1,0,0.3,18.8
2,"2018-12-31T19:53:19,000","2018-12-31T20:11:38,000",6,3.44,1,N,161,238,2,15,1,0.5,0,0,0.3,16.8
2,"2018-12-31T19:52:41,000","2018-12-31T20:09:50,000",6,3.04,1,N,114,161,2,13,1,0.5,0,0,0.3,14.8
2,"2018-12-31T19:51:58,000","2018-12-31T20:06:03,000",6,2.77,1,N,263,24,1,12,1,0.5,1,0,0.3,14.8
2,"2018-12-31T19:51:37,000","2018-12-31T20:09:02,000",6,2.71,1,N,166,142,2,13,1,0.5,0,0,0.3,14.8
2,"2018-12-31T19:49:31,000","2018-12-31T19:59:54,000",5,3.03,1,N,243,42,2,11,1,0.5,0,0,0.3,12.8
2,"2018-12-31T19:49:02,000","2018-12-31T20:03:20,000",5,4.70,1,N,138,226,2,16,1,0.5,0,0,0.3,17.8
2,"2018-12-31T19:48:50,000","2018-12-31T20:06:01,000",5,3.14,1,N,72,17,1,14,1,0.5,0,0,0.3,15.8
2,"2018-12-31T19:47:59,000","2018-12-31T19:59:40,000",5,2.32,1,N,146,260,2,10,1,0.5,0,0,0.3,11.8
2,"2018-12-31T19:47:58,000","2018-12-31T19:59:38,000",5,4.39,1,N,87,164,1,15,1,0.5,2,0,0.3,18.8
2,"2018-12-31T19:46:55,000","2018-12-31T20:11:18,000",5,3.71,1,N,163,137,2,17,1,0.5,0,0,0.3,18.8
2,"2018-12-31T19:46:32,000","2018-12-31T20:25:48,000",5,4.71,1,N,136,42,2,26,1,0.5,0,0,0.3,27.8
2,"2018-12-31T19:45:33,000","2018-12-31T20:30:00,000",6,18.04,2,N,132,163,2,52,4.5,0.5,0,0,0.3,57.3
2,"2018-12-31T19:44:16,000","2018-12-31T20:00:02,000",5,2.37,1,N,234,239,1,12,1,0.5,2,0,0.3,15.8
2,"2018-12-31T19:43:28,000","2018-12-31T19:57:59,000",5,2.56,1,N,68,239,2,12,1,0.5,0,0,0.3,13.8
2,"2018-12-31T19:43:19,000","2018-12-31T19:58:44,000",6,5.04,1,N,238,244,2,17,1,0.5,0,0,0.3,18.8
2,"2018-12-31T19:42:24,000","2018-12-31T19:58:45,000",5,1.97,1,N,65,54,2,12,1,0.5,0,0,0.3,13.8
2,"2018-12-31T19:42:13,000","2018-12-31T20:24:55,000",6,18.19,2,N,132,114,1,52,4.5,0.5,10,5.76,0.3,73.06
2,"2018-12-31T19:42:00,000","2018-12-31T19:54:41,000",5,2.59,1,N,151,75,1,11,1,0.5,0,0,0.3,12.8
2,"2018-12-31T19:41:57,000","2018-12-31T20:12:07,000",5,8.69,1,N,186,224,2,30,1,0.5,0,0,0.3,31.8
2,"2018-12-31T19:41:56,000","2018-12-31T20:00:24,000",5,3.35,1,N,161,143,2,14,1,0.5,0,0,0.3,15.8
2,"2018-12-31T19:41:54,000","2018-12-31T19:57:03,000",5,3.22,1,N,50,262,2,13,1,0.5,0,0,0.3,14.8
2,"2018-12-31T19:41:39,000","2018-12-31T20:04:55,000",6,3.72,1,N,262,48,2,17,1,0.5,0,0,0.3,18.8
2,"2018-12-31T19:41:22,000","2018-12-31T19:57:45,000",6,1.32,1,N,164,48,2,10,1,0.5,0,0,0.3,11.8
2,"2018-12-31T19:41:11,000","2018-12-31T20:16:16,000",5,11.16,1,N,48,95,1,36,1,0.5,0,5.76,0.3,43.56
2,"2018-12-31T19:40:16,000","2018-12-31T19:54:33,000",6,3.38,1,N,75,229,1,13,1,0.5,2,0,0.3,16.8
2,"2018-12-31T19:39:48,000","2018-12-31T20:20:49,000",5,14.86,1,N,138,231,1,44,1,0.5,7,5.76,0.3,58.56
2,"2018-12-31T19:39:46,000","2018-12-31T20:00:02,000",5,2.42,1,N,45,107,2,13,1,0.5,0,0,0.3,14.8
2,"2018-12-31T19:39:13,000","2019-01-01T00:00:00,000",5,18.36,2,N,132,234,2,52,4.5,0.5,0,5.76,0.3,63.06
2,"2018-12-31T19:38:57,000","2018-12-31T19:53:57,000",5,3.72,1,N,161,74,1,14,1,0.5,2,0,0.3,17.8
2,"2018-12-31T19:38:52,000","2018-12-31T19:55:26,000",6,1.52,1,N,186,162,2,10,1,0.5,0,0,0.3,11.8
2,"2018-12-31T19:38:49,000","2018-12-31T19:57:40,000",5,6.87,1,N,162,33,2,21,1,0.5,0,0,0.3,22.8
2,"2018-12-31T19:38:41,000","2018-12-31T19:51:54,000",5,2.71,1,N,144,256,2,12,1,0.5,0,0,0.3,13.8
2,"2018-12-31T19:38:28,000","2018-12-31T20:35:46,000",5,18.75,2,N,132,164,2,52,4.5,0.5,0,5.76,0.3,63.06
2,"2018-12-31T19:38:25,000","2018-12-31T19:52:15,000",6,2.20,1,N,263,151,2,11,1,0.5,0,0,0.3,12.8
2,"2018-12-31T19:38:23,000","2018-12-31T19:58:35,000",5,1.85,1,N,170,230,2,13,1,0.5,0,0,0.3,14.8
2,"2018-12-31T19:37:53,000","2018-12-31T19:56:28,000",6,1.80,1,N,114,164,2,12,1,0.5,0,0,0.3,13.8
2,"2018-12-31T19:37:44,000","2018-12-31T19:54:49,000",5,3.29,1,N,148,229,1,14,1,0.5,0,0,0.3,15.8
2,"2018-12-31T19:35:54,000","2018-12-31T20:17:44,000",5,10.09,1,N,100,129,2,37,1,0.5,0,5.76,0.3,44.56
2,"2018-12-31T19:35:51,000","2018-12-31T20:02:58,000",5,2.92,1,N,137,48,2,17,1,0.5,0,0,0.3,18.8
2,"2018-12-31T19:35:26,000","2018-12-31T19:53:00,000",5,2.83,1,N,48,90,2,14,1,0.5,0,0,0.3,15.8
2,"2018-12-31T19:34:53,000","2018-12-31T19:47:26,000",6,2.74,1,N,68,231,2,11,1,0.5,0,0,0.3,12.8
2,"2018-12-31T19:34:31,000","2018-12-31T19:54:25,000",6,3.69,1,N,246,141,2,15,1,0.5,0,0,0.3,16.8
2,"2018-12-31T19:34:05,000","2018-12-31T19:57:48,000",5,6.14,1,N,161,88,1,21,1,0.5,0,0,0.3,22.8
2,"2018-12-31T19:33:27,000","2018-12-31T19:47:16,000",5,1.69,1,N,162,107,2,10,1,0.5,0,0,0.3,11.8
2,"2018-12-31T19:33:10,000","2018-12-31T19:54:24,000",6,1.93,1,N,48,234,2,14,1,0.5,0,0,0.3,15.8
2,"2018-12-31T19:33:09,000","2018-12-31T20:09:55,000",5,19.34,2,N,132,262,2,52,4.5,0.5,0,5.76,0.3,63.06
2,"2018-12-31T19:32:37,000","2018-12-31T19:40:39,000",5,2.60,1,N,229,226,2,10,1,0.5,0,0,0.3,11.8
2,"2018-12-31T19:31:27,000","2018-12-31T19:40:27,000",6,2.55,1,N,24,142,1,10,1,0.5,0,0,0.3,11.8
2,"2018-12-31T19:31:27,000","2018-12-31T19:58:46,000",6,9.09,1,N,68,228,2,29,1,0.5,0,5.76,0.3,36.56
2,"2018-12-31T19:30:13,000","2018-12-31T19:44:51,000",6,2.26,1,N,262,238,1,11,1,0.5,1,0,0.3,13.8
2,"2018-12-31T19:30:08,000","2018-12-31T19:41:46,000",6,2.04,1,N,113,161,2,10,1,0.5,0,0,0.3,11.8
2,"2018-12-31T19:30:01,000","2018-12-31T19:53:09,000",5,4.41,1,N,162,232,2,18,1,0.5,0,0,0.3,19.8
2,"2018-12-31T19:30:01,000","2018-12-31T20:14:44,000",6,19.02,2,N,132,114,2,52,4.5,0.5,0,0,0.3,57.3
2,"2018-12-31T19:29:55,000","2018-12-31T19:51:14,000",5,7.93,1,N,244,174,2,25,1,0.5,0,2.64,0.3,29.44
2,"2018-12-31T19:29:53,000","2018-12-31T19:48:14,000",5,1.84,1,N,230,48,2,12,1,0.5,0,0,0.3,13.8
2,"2018-12-31T19:29:44,000","2018-12-31T19:45:12,000",6,2.63,1,N,161,107,1,12,1,0.5,2,0,0.3,15.8
2,"2018-12-31T19:29:11,000","2018-12-31T20:10:21,000",6,14.28,1,N,138,166,1,43,1,0.5,6,5.76,0.3,56.56
2,"2018-12-31T19:28:04,000","2018-12-31T19:46:50,000",5,6.27,1,N,132,180,2,20,1,0.5,0,0,0.3,21.8
2,"2018-12-31T19:28:03,000","2018-12-31T19:39:12,000",6,2.23,1,N,230,246,2,10,1,0.5,0,0,0.3,11.8
2,"2018-12-31T19:27:52,000","2018-12-31T19:50:52,000",5,3.10,1,N,141,186,2,16,1,0.5,0,0,0.3,17.8
2,"2018-12-31T19:25:17,000","2018-12-31T19:43:56,000",6,3.39,1,N,141,79,2,14,1,0.5,0,0,0.3,15.8
2,"2018-12-31T19:24:41,000","2018-12-31T19:52:05,000",5,4.24,1,N,24,161,1,19,1,0.5,2,0,0.3,22.8
1,"2018-12-31T19:23:59,000","2018-12-31T19:45:37,000",5,3.80,5,N,161,50,2,40,0,0,0,0,0.3,40.3
2,"2018-12-31T19:23:58,000","2018-12-31T19:38:47,000",6,2.13,1,N,162,79,2,11,1,0.5,0,0,0.3,12.8
2,"2018-12-31T19:23:54,000","2018-12-31T20:12:14,000",6,18.94,2,N,132,79,2,52,4.5,0.5,0,0,0.3,57.3
2,"2018-12-31T19:23:22,000","2018-12-31T19:43:29,000",5,2.62,1,N,79,68,2,14,1,0.5,0,0,0.3,15.8
2,"2018-12-31T19:22:38,000","2018-12-31T19:42:32,000",5,2.51,1,N,164,113,2,14,1,0.5,0,0,0.3,15.8
2,"2018-12-31T19:20:43,000","2018-12-31T19:46:19,000",5,9.21,1,N,226,42,1,29,1,0.5,0,5.76,0.3,36.56
2,"2018-12-31T19:20:35,000","2018-12-31T19:20:59,000",5,0.02,2,N,132,132,2,52,4.5,0.5,0,0,0.3,57.3
2,"2018-12-31T19:20:32,000","2018-12-31T19:34:39,000",5,1.45,1,N,142,50,2,10,1,0.5,0,0,0.3,11.8
2,"2018-12-31T19:16:51,000","2018-12-31T19:35:19,000",5,7.75,1,N,209,262,2,23,1,0.5,0,0,0.3,24.8
2,"2018-12-31T19:16:36,000","2018-12-31T19:39:15,000",5,11.41,1,N,132,101,2,32,1,0.5,0,0,0.3,33.8
2,"2018-12-31T19:16:14,000","2018-12-31T19:27:35,000",6,3.20,1,N,237,41,2,12,1,0.5,0,0,0.3,13.8
2,"2018-12-31T19:14:40,000","2018-12-31T19:27:31,000",6,1.62,1,N,48,246,2,10,1,0.5,0,0,0.3,11.8
2,"2018-12-31T19:13:26,000","2018-12-31T19:26:59,000",5,2.40,1,N,148,170,2,11,1,0.5,0,0,0.3,12.8
2,"2018-12-31T19:13:19,000","2018-12-31T19:41:57,000",5,8.68,1,N,138,166,2,29,1,0.5,0,5.76,0.3,36.56
2,"2018-12-31T19:12:22,000","2018-12-31T19:50:05,000",5,16.84,1,N,132,27,2,46,1,0.5,0,0,0.3,47.8
2,"2018-12-31T19:11:26,000","2018-12-31T19:47:31,000",5,3.12,1,N,233,48,2,21,1,0.5,0,0,0.3,22.8
2,"2018-12-31T19:11:11,000","2018-12-31T19:32:09,000",6,2.97,1,N,107,43,1,15,1,0.5,0,0,0.3,16.8
2,"2018-12-31T19:09:12,000","2018-12-31T19:25:00,000",6,4.78,1,N,13,79,1,16,1,0.5,3,0,0.3,20.8
2,"2018-12-31T19:09:05,000","2018-12-31T19:39:02,000",5,16.69,2,N,132,170,1,52,4.5,0.5,10,5.76,0.3,73.06
2,"2018-12-31T19:08:48,000","2018-12-31T19:23:43,000",6,3.65,1,N,140,226,2,14,1,0.5,0,0,0.3,15.8
2,"2018-12-31T19:08:38,000","2018-12-31T19:23:31,000",5,2.22,1,N,161,113,2,11,1,0.5,0,0,0.3,12.8
2,"2018-12-31T19:07:55,000","2018-12-31T19:23:10,000",5,3.93,1,N,249,142,1,14,1,0.5,1,0,0.3,16.8
2,"2018-12-31T19:07:33,000","2018-12-31T19:21:13,000",5,2.58,1,N,186,236,1,11,1,0.5,1,0,0.3,13.8
2,"2018-12-31T19:06:34,000","2018-12-31T19:22:39,000",5,3.50,1,N,261,68,2,14,1,0.5,0,0,0.3,15.8
2,"2018-12-31T19:04:34,000","2018-12-31T19:18:59,000",5,2.25,1,N,234,229,1,11,1,0.5,2,0,0.3,14.8
2,"2018-12-31T19:02:47,000","2018-12-31T19:40:51,000",5,17.91,2,N,132,100,2,52,4.5,0.5,0,5.76,0.3,63.06
2,"2018-12-31T19:00:23,000","2018-12-31T19:13:37,000",5,2.14,1,N,233,234,2,10,1,0.5,0,0,0.3,11.8
2,"2018-12-31T19:00:04,000","2018-12-31T19:14:09,000",5,1.36,1,N,107,68,2,10,1,0.5,0,0,0.3,11.8
2,"2018-12-31T18:59:48,000","2018-12-31T19:14:17,000",5,3.24,1,N,238,42,1,13,1,0.5,0,0,0.3,14.8
2,"2018-12-31T18:58:52,000","2018-12-31T19:10:47,000",6,2.29,1,N,249,164,2,10,1,0.5,0,0,0.3,11.8
2,"2018-12-31T18:58:41,000","2018-12-31T19:19:02,000",6,6.47,1,N,170,25,2,21,1,0.5,0,0,0.3,22.8
2,"2018-12-31T18:58:17,000","2018-12-31T19:12:46,000",5,2.66,1,N,141,170,1,12,1,0.5,1,0,0.3,14.8
2,"2018-12-31T18:57:51,000","2018-12-31T19:10:44,000",5,4.99,1,N,238,243,2,16,1,0.5,0,0,0.3,17.8
2,"2018-12-31T18:57:38,000","2018-12-31T19:06:23,000",5,2.48,1,N,141,145,2,10,1,0.5,0,0,0.3,11.8
2,"2018-12-31T18:57:09,000","2018-12-31T19:16:35,000",5,1.83,1,N,230,50,1,13,1,0.5,0,0,0.3,14.8
2,"2018-12-31T18:54:29,000","2018-12-31T19:07:44,000",6,2.88,1,N,234,236,2,12,1,0.5,0,0,0.3,13.8
2,"2018-12-31T18:53:55,000","2018-12-31T19:14:58,000",5,3.10,1,N,263,143,1,15,1,0.5,2,0,0.3,18.8
2,"2018-12-31T18:52:43,000","2018-12-31T19:23:25,000",5,7.90,1,N,74,158,2,27,1,0.5,0,0,0.3,28.8
2,"2018-12-31T18:51:35,000","2018-12-31T19:02:35,000",6,2.23,1,N,237,238,2,10,1,0.5,0,0,0.3,11.8
1,"2018-12-31T18:51:27,000","2018-12-31T19:05:06,000",5,2.50,1,N,142,170,2,11,1,0.5,0,0,0.3,12.8
2,"2018-12-31T18:51:09,000","2018-12-31T19:02:18,000",5,2.00,1,N,246,142,1,10,1,0.5,1,0,0.3,12.8
2,"2018-12-31T18:50:56,000","2018-12-31T19:03:42,000",5,1.86,1,N,237,229,2,10,1,0.5,0,0,0.3,11.8
2,"2018-12-31T18:49:52,000","2018-12-31T19:04:45,000",5,2.36,1,N,13,114,2,12,1,0.5,0,0,0.3,13.8
2,"2018-12-31T18:49:35,000","2018-12-31T19:10:15,000",6,2.25,1,N,107,246,1,14,1,0.5,1,0,0.3,16.8
2,"2018-12-31T18:48:32,000","2018-12-31T19:12:09,000",5,4.40,1,N,75,48,2,18,1,0.5,0,0,0.3,19.8
2,"2018-12-31T18:48:31,000","2018-12-31T19:25:11,000",5,5.12,1,N,74,100,2,25,1,0.5,0,0,0.3,26.8
2,"2018-12-31T18:48:07,000","2018-12-31T19:06:41,000",5,7.13,1,N,13,161,2,22,1,0.5,0,0,0.3,23.8
2,"2018-12-31T18:47:25,000","2018-12-31T19:07:20,000",5,4.01,1,N,249,65,2,16,1,0.5,0,0,0.3,17.8
2,"2018-12-31T18:46:51,000","2018-12-31T19:18:28,000",6,3.15,1,N,163,246,2,20,1,0.5,0,0,0.3,21.8
2,"2018-12-31T18:45:54,000","2018-12-31T19:05:48,000",6,1.81,1,N,237,48,2,13,1,0.5,0,0,0.3,14.8
2,"2018-12-31T18:44:02,000","2018-12-31T19:17:29,000",5,7.59,1,N,142,129,2,27,1,0.5,0,0,0.3,28.8
2,"2018-12-31T18:43:16,000","2018-12-31T19:49:47,000",6,14.63,1,N,138,61,1,52,1,0.5,0,0,0.3,53.8
2,"2018-12-31T18:42:44,000","2018-12-31T19:00:42,000",6,2.66,1,N,236,164,2,13,1,0.5,0,0,0.3,14.8
2,"2018-12-31T18:41:39,000","2018-12-31T18:59:03,000",5,2.96,1,N,249,229,2,14,1,0.5,0,0,0.3,15.8
2,"2018-12-31T18:40:22,000","2018-12-31T18:58:49,000",5,3.73,1,N,28,92,2,16,1,0.5,0,0,0.3,17.8
2,"2018-12-31T18:40:20,000","2018-12-31T18:53:48,000",5,3.27,1,N,79,87,2,13,1,0.5,0,0,0.3,14.8
2,"2018-12-31T18:40:11,000","2018-12-31T18:53:30,000",5,1.96,1,N,239,263,2,10,1,0.5,0,0,0.3,11.8
2,"2018-12-31T18:40:11,000","2018-12-31T19:11:20,000",5,4.83,1,N,163,231,2,21,1,0.5,0,0,0.3,22.8
2,"2018-12-31T18:38:49,000","2018-12-31T18:38:53,000",5,0.01,2,N,166,166,2,52,4.5,0.5,0,0,0.3,57.3
2,"2018-12-31T18:36:30,000","2018-12-31T18:49:57,000",6,1.64,1,N,142,246,2,10,1,0.5,0,0,0.3,11.8
2,"2018-12-31T18:34:43,000","2018-12-31T18:55:10,000",5,2.58,1,N,13,211,2,13,1,0.5,0,0,0.3,14.8
2,"2018-12-31T18:34:43,000","2018-12-31T18:54:13,000",5,1.78,1,N,233,161,2,13,1,0.5,0,0,0.3,14.8
2,"2018-12-31T18:34:18,000","2018-12-31T18:49:50,000",6,1.95,1,N,164,79,2,11,1,0.5,0,0,0.3,12.8
2,"2018-12-31T18:33:23,000","2018-12-31T18:54:56,000",5,4.23,1,N,138,92,2,18,1,0.5,0,0,0.3,19.8
2,"2018-12-31T18:32:55,000","2018-12-31T18:57:54,000",5,2.53,1,N,186,50,2,17,1,0.5,0,0,0.3,18.8
2,"2018-12-31T18:32:54,000","2018-12-31T19:02:59,000",5,4.69,1,N,141,158,2,21,1,0.5,0,0,0.3,22.8
2,"2018-12-31T18:31:04,000","2018-12-31T18:41:53,000",5,2.55,1,N,151,42,2,10,1,0.5,0,0,0.3,11.8
2,"2018-12-31T18:30:15,000","2018-12-31T18:48:16,000",5,6.47,1,N,138,112,2,20,1,0.5,0,0,0.3,21.8
2,"2018-12-31T18:29:40,000","2018-12-31T18:46:21,000",5,2.26,1,N,239,48,1,12,1,0.5,0,0,0.3,13.8
2,"2018-12-31T18:28:10,000","2018-12-31T18:43:09,000",5,1.63,1,N,237,142,2,11,1,0.5,0,0,0.3,12.8
2,"2018-12-31T18:27:38,000","2018-12-31T18:46:32,000",5,5.20,1,N,162,7,2,18,1,0.5,0,0,0.3,19.8
2,"2018-12-31T18:26:59,000","2018-12-31T19:02:59,000",5,7.62,1,N,107,177,1,28,1,0.5,0,0,0.3,29.8
2,"2018-12-31T18:26:18,000","2018-12-31T18:47:08,000",6,3.71,1,N,236,143,2,14,1,0.5,0,0,0.3,15.8
2,"2018-12-31T18:26:12,000","2018-12-31T18:51:11,000",5,5.02,1,N,87,164,2,21,1,0.5,0,0,0.3,22.8
2,"2018-12-31T18:25:31,000","2018-12-31T18:44:44,000",5,1.84,1,N,143,163,2,13,1,0.5,0,0,0.3,14.8
2,"2018-12-31T18:24:13,000","2018-12-31T19:09:01,000",5,18.91,2,N,142,132,1,52,4.5,0.5,0,5.76,0.3,63.06
2,"2018-12-31T18:24:09,000","2018-12-31T18:55:19,000",5,7.48,1,N,42,113,2,27,1,0.5,0,0,0.3,28.8
2,"2018-12-31T18:24:07,000","2018-12-31T18:36:27,000",6,2.59,1,N,239,140,2,11,1,0.5,0,0,0.3,12.8
2,"2018-12-31T18:23:46,000","2018-12-31T18:59:56,000",6,6.07,1,N,142,232,1,24,1,0.5,3,0,0.3,28.8
2,"2018-12-31T18:23:33,000","2018-12-31T18:53:33,000",6,9.21,1,N,246,223,2,29,1,0.5,0,5.76,0.3,36.56
2,"2018-12-31T18:22:25,000","2018-12-31T18:41:23,000",5,5.30,1,N,261,255,2,19,1,0.5,0,0,0.3,20.8
2,"2018-12-31T18:21:32,000","2018-12-31T19:10:16,000",5,10.75,1,N,230,61,2,38,1,0.5,0,0,0.3,39.8
2,"2018-12-31T18:21:28,000","2018-12-31T18:32:37,000",5,3.14,1,N,87,79,2,12,1,0.5,0,0,0.3,13.8
2,"2018-12-31T18:20:56,000","2018-12-31T18:51:43,000",5,11.05,1,N,140,134,2,34,1,0.5,0,0,0.3,35.8
2,"2018-12-31T18:20:55,000","2018-12-31T18:33:02,000",5,2.11,1,N,244,119,2,10,1,0.5,0,0,0.3,11.8
2,"2018-12-31T18:20:46,000","2018-12-31T18:36:02,000",5,4.17,1,N,236,137,2,15,1,0.5,0,0,0.3,16.8
2,"2018-12-31T18:20:24,000","2018-12-31T18:57:51,000",6,31.20,2,N,162,223,2,52,4.5,0.5,0,5.76,0.3,63.06
2,"2018-12-31T18:20:23,000","2018-12-31T18:37:59,000",6,3.89,1,N,87,107,2,15,1,0.5,0,0,0.3,16.8
2,"2018-12-31T18:19:33,000","2018-12-31T18:36:54,000",6,2.77,1,N,140,238,2,13,1,0.5,0,0,0.3,14.8
2,"2018-12-31T18:17:47,000","2018-12-31T18:44:38,000",5,2.70,1,N,163,68,2,17,1,0.5,0,0,0.3,18.8
2,"2018-12-31T18:17:46,000","2018-12-31T18:35:56,000",5,3.16,1,N,48,166,2,14,1,0.5,0,0,0.3,15.8
2,"2018-12-31T18:17:25,000","2018-12-31T18:28:41,000",5,2.13,1,N,263,24,2,10,1,0.5,0,0,0.3,11.8
2,"2018-12-31T18:17:11,000","2018-12-31T18:58:50,000",5,15.37,1,N,7,132,1,46,1,0.5,5,0,0.3,52.8
2,"2018-12-31T18:15:39,000","2018-12-31T18:38:08,000",5,3.21,1,N,164,142,2,16,1,0.5,0,0,0.3,17.8
2,"2018-12-31T18:15:16,000","2018-12-31T18:30:55,000",5,5.42,1,N,231,229,1,18,1,0.5,5,0,0.3,24.8
2,"2018-12-31T18:14:34,000","2018-12-31T18:34:29,000",6,4.27,1,N,236,246,1,16,1,0.5,3,0,0.3,20.8
2,"2018-12-31T18:13:21,000","2018-12-31T18:41:53,000",5,6.85,1,N,237,13,1,25,1,0.5,0,0,0.3,26.8
2,"2018-12-31T18:13:08,000","2018-12-31T18:32:19,000",5,6.91,1,N,138,112,1,21,1,0.5,8,0,0.3,30.8
2,"2018-12-31T18:10:28,000","2018-12-31T18:21:48,000",5,2.46,1,N,33,231,1,11,1,0.5,1,0,0.3,13.8
2,"2018-12-31T18:09:49,000","2018-12-31T18:24:04,000",5,2.98,1,N,141,79,1,12,1,0.5,2,0,0.3,15.8
2,"2018-12-31T18:06:30,000","2018-12-31T18:24:47,000",5,1.33,1,N,230,100,2,12,1,0.5,0,0,0.3,13.8
2,"2018-12-31T18:04:49,000","2018-12-31T18:38:47,000",5,9.22,1,N,68,61,1,31,1,0.5,5,0,0.3,37.8
2,"2018-12-31T18:04:43,000","2018-12-31T18:21:09,000",5,2.32,1,N,142,229,2,12,1,0.5,0,0,0.3,13.8
2,"2018-12-31T18:04:34,000","2018-12-31T18:21:33,000",6,2.54,1,N,163,164,2,13,1,0.5,0,0,0.3,14.8
2,"2018-12-31T18:02:30,000","2018-12-31T18:37:54,000",5,17.32,2,N,132,162,2,52,4.5,0.5,0,5.76,0.3,63.06
2,"2018-12-31T18:02:14,000","2018-12-31T18:22:51,000",6,1.59,1,N,233,237,2,13,1,0.5,0,0,0.3,14.8
2,"2018-12-31T18:00:08,000","2018-12-31T18:16:35,000",5,4.97,1,N,239,42,2,17,1,0.5,0,0,0.3,18.8
2,"2018-12-31T17:59:09,000","2018-12-31T18:25:50,000",5,4.07,1,N,79,263,2,19,1,0.5,0,0,0.3,20.8
2,"2018-12-31T17:58:41,000","2018-12-31T18:10:30,000",5,3.73,1,N,138,7,2,13,1,0.5,0,0,0.3,14.8
2,"2018-12-31T17:58:22,000","2018-12-31T18:22:15,000",5,6.90,1,N,249,236,1,24,1,0.5,3,0,0.3,28.8
2,"2018-12-31T17:57:48,000","2018-12-31T18:08:25,000",6,4.10,1,N,138,92,2,13,1,0.5,0,0,0.3,14.8
2,"2018-12-31T17:55:06,000","2018-12-31T18:12:53,000",5,8.18,1,N,95,101,1,24,1,0.5,3,0,0.3,28.8
2,"2018-12-31T17:54:29,000","2018-12-31T18:13:22,000",6,3.92,1,N,211,140,2,15,1,0.5,0,0,0.3,16.8
2,"2018-12-31T17:54:21,000","2018-12-31T17:54:23,000",5,0.00,2,N,132,132,2,52,4.5,0.5,0,0,0.3,57.3
2,"2018-12-31T17:52:56,000","2018-12-31T18:17:03,000",6,7.78,1,N,13,163,2,25,1,0.5,0,0,0.3,26.8
2,"2018-12-31T17:52:34,000","2018-12-31T18:14:12,000",6,3.00,1,N,163,246,2,15,1,0.5,0,0,0.3,16.8
2,"2018-12-31T17:52:14,000","2018-12-31T18:05:09,000",5,3.12,1,N,48,166,2,12,1,0.5,0,0,0.3,13.8
2,"2018-12-31T17:52:06,000","2018-12-31T18:14:50,000",6,10.90,1,N,132,101,1,31,1,0.5,0,0,0.3,32.8
2,"2018-12-31T17:51:28,000","2018-12-31T18:16:32,000",5,4.33,1,N,146,173,2,18,1,0.5,0,0,0.3,19.8
2,"2018-12-31T17:50:26,000","2018-12-31T18:17:07,000",5,3.64,1,N,161,158,2,18,1,0.5,0,0,0.3,19.8
2,"2018-12-31T17:50:08,000","2018-12-31T18:15:33,000",5,14.99,2,N,132,145,2,52,4.5,0.5,0,5.76,0.3,63.06
2,"2018-12-31T17:49:51,000","2018-12-31T18:07:52,000",6,2.32,1,N,107,170,2,13,1,0.5,0,0,0.3,14.8
2,"2018-12-31T17:49:43,000","2018-12-31T18:01:08,000",5,2.08,1,N,151,142,2,10,1,0.5,0,0,0.3,11.8
2,"2018-12-31T17:49:37,000","2018-12-31T18:02:25,000",5,1.73,1,N,249,48,2,10,1,0.5,0,0,0.3,11.8
2,"2018-12-31T17:49:18,000","2018-12-31T18:14:51,000",6,6.32,1,N,41,68,2,23,1,0.5,0,0,0.3,24.8
2,"2018-12-31T17:48:26,000","2018-12-31T18:02:29,000",5,1.59,1,N,48,186,2,10,1,0.5,0,0,0.3,11.8
2,"2018-12-31T17:47:12,000","2018-12-31T18:01:00,000",6,1.70,1,N,239,48,2,10,1,0.5,0,0,0.3,11.8
2,"2018-12-31T17:46:53,000","2018-12-31T18:04:02,000",6,2.29,1,N,33,17,2,12,1,0.5,0,0,0.3,13.8
2,"2018-12-31T17:46:39,000","2018-12-31T18:12:32,000",5,9.19,1,N,144,196,2,28,1,0.5,0,0,0.3,29.8
2,"2018-12-31T17:45:34,000","2018-12-31T18:07:23,000",5,3.21,1,N,162,158,2,15,1,0.5,0,0,0.3,16.8
2,"2018-12-31T17:43:39,000","2018-12-31T17:55:21,000",6,2.40,1,N,151,236,1,11,1,0.5,3,0,0.3,15.8
2,"2018-12-31T17:43:23,000","2018-12-31T18:04:31,000",5,5.43,1,N,239,226,2,19,1,0.5,0,0,0.3,20.8
2,"2018-12-31T17:42:46,000","2018-12-31T18:00:24,000",5,3.16,1,N,74,244,2,14,1,0.5,0,0,0.3,15.8
2,"2018-12-31T17:42:34,000","2019-01-01T17:18:26,000",5,19.55,2,N,132,263,2,52,0,0.5,0,5.76,0.3,58.56
2,"2018-12-31T17:42:22,000","2018-12-31T18:12:05,000",6,9.34,1,N,75,80,2,30,1,0.5,0,0,0.3,31.8
2,"2018-12-31T17:41:58,000","2018-12-31T18:10:50,000",6,9.17,1,N,138,244,2,30,1,0.5,0,5.76,0.3,37.56
2,"2018-12-31T17:41:58,000","2018-12-31T17:57:24,000",5,3.98,1,N,116,239,2,15,1,0.5,0,0,0.3,16.8
2,"2018-12-31T17:41:15,000","2018-12-31T17:59:13,000",5,1.58,1,N,233,186,1,12,1,0.5,2,0,0.3,15.8
2,"2018-12-31T17:41:00,000","2018-12-31T18:20:37,000",5,10.24,1,N,197,256,1,35,1,0.5,0,0,0.3,36.8
2,"2018-12-31T17:38:48,000","2018-12-31T17:55:24,000",5,3.01,1,N,226,7,2,13,1,0.5,0,0,0.3,14.8
2,"2018-12-31T17:38:21,000","2018-12-31T17:57:04,000",6,3.75,1,N,114,48,1,16,1,0.5,0,0,0.3,17.8
2,"2018-12-31T17:38:05,000","2018-12-31T18:03:24,000",5,11.28,1,N,141,28,2,32,1,0.5,0,0,0.3,33.8
2,"2018-12-31T17:37:59,000","2018-12-31T18:07:49,000",5,7.64,1,N,42,113,2,26,1,0.5,0,0,0.3,27.8
2,"2018-12-31T17:37:40,000","2018-12-31T18:33:04,000",6,21.46,2,N,132,239,1,52,4.5,0.5,10,5.76,0.3,73.06
2,"2018-12-31T17:36:14,000","2018-12-31T17:53:41,000",6,5.00,1,N,261,233,2,18,1,0.5,0,0,0.3,19.8
2,"2018-12-31T17:35:58,000","2018-12-31T17:56:51,000",5,3.69,1,N,48,140,2,16,1,0.5,0,0,0.3,17.8
2,"2018-12-31T17:35:55,000","2018-12-31T17:47:43,000",5,2.31,1,N,151,166,2,11,1,0.5,0,0,0.3,12.8
2,"2018-12-31T17:34:28,000","2018-12-31T18:00:52,000",5,9.46,1,N,138,244,1,29,1,0.5,0,5.76,0.3,36.56
2,"2018-12-31T17:34:07,000","2018-12-31T17:55:54,000",6,5.45,1,N,261,107,2,20,1,0.5,0,0,0.3,21.8
2,"2018-12-31T17:33:40,000","2018-12-31T17:45:14,000",5,2.05,1,N,236,162,2,10,1,0.5,0,0,0.3,11.8
2,"2018-12-31T17:33:22,000","2018-12-31T17:50:00,000",5,1.20,1,N,186,107,2,11,1,0.5,0,0,0.3,12.8
2,"2018-12-31T17:32:51,000","2018-12-31T17:48:33,000",6,3.31,1,N,186,231,2,14,1,0.5,0,0,0.3,15.8
2,"2018-12-31T17:30:05,000","2018-12-31T17:49:59,000",6,5.32,1,N,261,162,2,19,1,0.5,0,0,0.3,20.8
1,"2018-12-31T17:29:53,000","2018-12-31T17:49:25,000",5,4.00,1,N,163,41,2,16,1,0.5,0,0,0.3,17.8
2,"2018-12-31T17:29:51,000","2018-12-31T17:47:24,000",5,2.46,1,N,143,141,1,13,1,0.5,3,0,0.3,17.8
2,"2018-12-31T17:28:49,000","2018-12-31T17:44:17,000",5,2.79,1,N,41,239,2,13,1,0.5,0,0,0.3,14.8
2,"2018-12-31T17:28:45,000","2018-12-31T17:47:34,000",5,3.68,1,N,263,48,2,15,1,0.5,0,0,0.3,16.8
2,"2018-12-31T17:27:47,000","2018-12-31T17:50:07,000",5,3.03,1,N,107,48,2,16,1,0.5,0,0,0.3,17.8
2,"2018-12-31T17:27:34,000","2018-12-31T17:54:06,000",5,10.66,1,N,79,212,2,31,1,0.5,0,0,0.3,32.8
2,"2018-12-31T17:26:37,000","2018-12-31T18:30:12,000",5,25.46,1,N,132,256,2,72,1,0.5,0,5.76,0.3,79.56
1,"2018-12-31T17:24:12,000","2018-12-31T17:56:22,000",5,5.20,1,N,162,13,2,23,1,0.5,0,0,0.3,24.8
2,"2018-12-31T17:24:03,000","2018-12-31T17:37:49,000",5,2.11,1,N,263,238,1,11,1,0.5,1,0,0.3,13.8
2,"2018-12-31T17:23:46,000","2018-12-31T17:50:56,000",6,5.70,1,N,237,211,2,22,1,0.5,0,0,0.3,23.8
2,"2018-12-31T17:22:20,000","2018-12-31T17:42:48,000",5,3.49,1,N,43,114,1,16,1,0.5,0,0,0.3,17.8
2,"2018-12-31T17:22:14,000","2018-12-31T17:39:38,000",6,2.52,1,N,74,238,1,13,1,0.5,2,0,0.3,16.8
1,"2018-12-31T17:21:18,000","2018-12-31T17:34:45,000",5,1.80,1,N,68,100,2,10,1,0.5,0,0,0.3,11.8
2,"2018-12-31T17:19:05,000","2018-12-31T17:48:17,000",5,9.75,1,N,138,238,1,30,1,0.5,0,5.76,0.3,37.56
2,"2018-12-31T17:18:42,000","2018-12-31T17:40:58,000",6,4.31,1,N,50,144,2,18,1,0.5,0,0,0.3,19.8
2,"2018-12-31T17:17:32,000","2018-12-31T17:42:10,000",5,5.96,1,N,48,209,1,22,1,0.5,4,0,0.3,27.8
2,"2018-12-31T17:17:24,000","2018-12-31T18:08:45,000",5,22.72,2,N,132,13,2,52,4.5,0.5,0,5.76,0.3,63.06
2,"2018-12-31T17:17:08,000","2018-12-31T17:50:03,000",5,11.20,1,N,138,181,1,33,1,0.5,5,0,0.3,39.8
2,"2018-12-31T17:15:50,000","2018-12-31T17:57:09,000",5,18.41,2,N,236,132,2,52,4.5,0.5,0,5.76,0.3,63.06
2,"2018-12-31T17:15:22,000","2018-12-31T17:26:14,000",5,2.24,1,N,162,79,2,10,1,0.5,0,0,0.3,11.8
2,"2018-12-31T17:14:37,000","2018-12-31T17:31:47,000",6,2.39,1,N,229,164,1,12,1,0.5,0,0,0.3,13.8
2,"2018-12-31T17:14:08,000","2018-12-31T17:30:57,000",5,4.30,1,N,144,48,2,16,1,0.5,0,0,0.3,17.8
2,"2018-12-31T17:13:12,000","2018-12-31T17:31:18,000",6,2.97,1,N,231,186,2,14,1,0.5,0,0,0.3,15.8
2,"2018-12-31T17:12:07,000","2018-12-31T17:27:28,000",6,0.86,1,N,161,164,2,10,1,0.5,0,0,0.3,11.8
2,"2018-12-31T17:10:41,000","2018-12-31T18:12:00,000",6,12.45,1,N,161,94,2,47,1,0.5,0,0,0.3,48.8
2,"2018-12-31T17:10:31,000","2018-12-31T17:31:57,000",5,2.13,1,N,137,230,2,14,1,0.5,0,0,0.3,15.8
2,"2018-12-31T17:10:12,000","2018-12-31T17:17:35,000",6,2.71,1,N,48,48,2,10,1,0.5,0,0,0.3,11.8
2,"2018-12-31T17:09:18,000","2018-12-31T17:25:51,000",5,3.60,1,N,141,234,1,14,1,0.5,2,0,0.3,17.8
2,"2018-12-31T17:06:17,000","2018-12-31T17:51:27,000",5,16.86,2,N,132,162,2,52,4.5,0.5,0,5.76,0.3,63.06
2,"2018-12-31T17:06:04,000","2018-12-31T17:21:01,000",5,1.84,1,N,140,142,2,11,1,0.5,0,0,0.3,12.8
2,"2018-12-31T17:04:56,000","2018-12-31T17:30:24,000",6,2.64,1,N,48,113,2,16,1,0.5,0,0,0.3,17.8
2,"2018-12-31T17:03:34,000","2018-12-31T17:17:40,000",6,2.05,1,N,141,142,1,11,1,0.5,2,0,0.3,14.8
2,"2018-12-31T17:02:16,000","2018-12-31T18:03:07,000",6,21.72,2,N,132,43,2,52,4.5,0.5,0,5.76,0.3,63.06
2,"2018-12-31T17:01:58,000","2018-12-31T17:22:24,000",5,4.13,1,N,249,141,2,16,1,0.5,0,0,0.3,17.8
2,"2018-12-31T17:01:56,000","2018-12-31T17:13:25,000",5,2.94,1,N,48,41,2,11,1,0.5,0,0,0.3,12.8
2,"2018-12-31T17:00:44,000","2018-12-31T17:15:51,000",6,4.92,1,N,236,79,2,16,1,0.5,0,0,0.3,17.8
2,"2018-12-31T16:59:25,000","2018-12-31T17:16:12,000",5,2.57,1,N,116,151,2,13,1,0.5,0,0,0.3,14.8
2,"2018-12-31T16:58:22,000","2018-12-31T17:15:43,000",5,4.69,1,N,144,48,2,17,1,0.5,0,0,0.3,18.8
2,"2018-12-31T16:58:03,000","2018-12-31T17:15:06,000",6,2.77,1,N,48,211,2,13,1,0.5,0,0,0.3,14.8
2,"2018-12-31T16:57:55,000","2018-12-31T17:50:42,000",5,20.46,1,N,132,133,2,60,1,0.5,0,0,0.3,61.8
2,"2018-12-31T16:57:01,000","2018-12-31T17:17:22,000",5,3.42,1,N,249,237,2,15,1,0.5,0,0,0.3,16.8
2,"2018-12-31T16:56:50,000","2018-12-31T17:15:13,000",6,5.62,1,N,138,252,2,18,1,0.5,0,0,0.3,19.8
2,"2018-12-31T16:56:42,000","2018-12-31T17:10:55,000",6,1.66,1,N,114,87,1,10,1,0.5,1,0,0.3,12.8
2,"2018-12-31T16:56:11,000","2018-12-31T17:28:50,000",5,8.83,1,N,140,95,2,29,1,0.5,0,0,0.3,30.8
2,"2018-12-31T16:55:21,000","2018-12-31T17:20:05,000",6,2.92,1,N,237,186,2,17,1,0.5,0,0,0.3,18.8
2,"2018-12-31T16:54:19,000","2018-12-31T17:10:27,000",5,4.75,1,N,48,13,2,17,1,0.5,0,0,0.3,18.8
2,"2018-12-31T16:52:12,000","2018-12-31T17:17:40,000",5,3.86,1,N,144,163,2,18,1,0.5,0,0,0.3,19.8
2,"2018-12-31T16:52:07,000","2018-12-31T17:04:34,000",6,2.06,1,N,114,170,2,10,1,0.5,0,0,0.3,11.8
2,"2018-12-31T16:51:21,000","2018-12-31T17:03:17,000",6,2.01,1,N,43,137,1,10,1,0.5,1,0,0.3,12.8
2,"2018-12-31T16:51:11,000","2018-12-31T17:37:19,000",5,19.22,2,N,132,236,1,52,4.5,0.5,8,5.76,0.3,71.06
2,"2018-12-31T16:49:41,000","2018-12-31T17:03:48,000",6,2.94,1,N,186,238,1,12,1,0.5,0,0,0.3,13.8
2,"2018-12-31T16:48:29,000","2018-12-31T17:12:52,000",6,6.51,1,N,209,48,2,23,1,0.5,0,0,0.3,24.8
2,"2018-12-31T16:48:00,000","2018-12-31T17:21:21,000",5,4.99,1,N,249,181,2,23,1,0.5,0,0,0.3,24.8
2,"2018-12-31T16:47:42,000","2018-12-31T17:45:57,000",6,20.87,2,N,132,43,1,52,4.5,0.5,0,5.76,0.3,63.06
2,"2018-12-31T16:47:21,000","2018-12-31T17:10:45,000",5,2.65,1,N,144,164,2,16,1,0.5,0,0,0.3,17.8
2,"2018-12-31T16:45:52,000","2018-12-31T16:59:19,000",5,1.33,1,N,239,142,1,10,1,0.5,0,0,0.3,11.8
2,"2018-12-31T16:45:49,000","2018-12-31T17:01:23,000",5,1.69,1,N,164,162,2,11,1,0.5,0,0,0.3,12.8
2,"2018-12-31T16:44:53,000","2018-12-31T17:00:20,000",6,1.47,1,N,48,170,1,11,1,0.5,2,0,0.3,14.8
2,"2018-12-31T16:44:29,000","2018-12-31T17:27:06,000",5,17.33,2,N,107,132,2,52,4.5,0.5,0,5.76,0.3,63.06
2,"2018-12-31T16:44:12,000","2018-12-31T17:01:12,000",5,2.88,1,N,249,43,2,13,1,0.5,0,0,0.3,14.8
2,"2018-12-31T16:43:54,000","2018-12-31T17:27:56,000",5,16.50,2,N,132,170,2,52,4.5,0.5,0,5.76,0.3,63.06
2,"2018-12-31T16:43:47,000","2018-12-31T17:07:41,000",5,8.82,1,N,234,116,1,28,1,0.5,0,0,0.3,29.8
1,"2018-12-31T16:42:04,000","2018-12-31T16:58:38,000",6,3.20,1,N,161,125,1,14,1,0.5,1,0,0.3,16.8
2,"2018-12-31T16:40:35,000","2018-12-31T16:58:01,000",5,2.98,1,N,231,48,2,14,1,0.5,0,0,0.3,15.8
2,"2018-12-31T16:39:59,000","2018-12-31T16:53:22,000",6,3.92,1,N,158,142,2,14,1,0.5,0,0,0.3,15.8
2,"2018-12-31T16:37:54,000","2018-12-31T16:54:18,000",6,5.38,1,N,74,146,1,18,1,0.5,12,0,0.3,31.8
2,"2018-12-31T16:37:18,000","2018-12-31T17:28:48,000",6,19.92,2,N,132,239,1,52,4.5,0.5,10,5.76,0.3,73.06
2,"2018-12-31T16:36:30,000","2018-12-31T16:55:22,000",6,1.28,1,N,142,48,2,12,1,0.5,0,0,0.3,13.8
2,"2018-12-31T16:36:22,000","2018-12-31T16:57:07,000",5,5.36,1,N,239,249,2,20,1,0.5,0,0,0.3,21.8
2,"2018-12-31T16:36:02,000","2018-12-31T17:48:25,000",6,14.58,2,N,219,239,1,52,4.5,0.5,6,0,0.3,63.3
2,"2018-12-31T16:35:34,000","2018-12-31T16:48:38,000",5,3.65,1,N,129,193,2,13,1,0.5,0,0,0.3,14.8
2,"2018-12-31T16:35:24,000","2018-12-31T16:47:06,000",5,2.36,1,N,162,79,2,10,1,0.5,0,0,0.3,11.8
2,"2018-12-31T16:35:13,000","2018-12-31T16:51:18,000",6,1.06,1,N,140,140,2,11,1,0.5,0,0,0.3,12.8
2,"2018-12-31T16:34:52,000","2018-12-31T16:51:47,000",6,4.80,1,N,170,256,1,17,1,0.5,0,0,0.3,18.8
2,"2018-12-31T16:34:42,000","2018-12-31T16:55:42,000",5,9.58,1,N,138,175,1,27,1,0.5,5,0,0.3,33.8
2,"2018-12-31T16:33:56,000","2018-12-31T16:49:04,000",6,2.12,1,N,162,142,2,12,1,0.5,0,0,0.3,13.8
2,"2018-12-31T16:33:40,000","2018-12-31T16:42:30,000",5,2.78,1,N,239,166,2,10,1,0.5,0,0,0.3,11.8
2,"2018-12-31T16:32:12,000","2018-12-31T16:47:40,000",5,1.70,1,N,229,229,2,11,1,0.5,0,0,0.3,12.8
2,"2018-12-31T16:31:15,000","2018-12-31T16:44:21,000",6,1.81,1,N,113,261,2,10,1,0.5,0,0,0.3,11.8
2,"2018-12-31T16:29:24,000","2018-12-31T16:40:46,000",6,2.40,1,N,43,42,2,10,1,0.5,0,0,0.3,11.8
2,"2018-12-31T16:28:55,000","2019-01-01T15:45:49,000",6,2.41,1,N,170,144,2,12,0.5,0.5,0,0,0.3,13.3
2,"2018-12-31T16:28:46,000","2018-12-31T16:44:13,000",5,2.23,1,N,234,144,2,11,1,0.5,0,0,0.3,12.8
2,"2018-12-31T16:28:22,000","2018-12-31T16:41:00,000",5,3.70,1,N,229,232,2,13,1,0.5,0,0,0.3,14.8
2,"2018-12-31T16:27:18,000","2018-12-31T16:40:47,000",5,3.14,1,N,151,48,2,12,1,0.5,0,0,0.3,13.8
2,"2018-12-31T16:26:52,000","2018-12-31T16:52:14,000",6,8.12,1,N,138,17,2,27,1,0.5,0,0,0.3,28.8
2,"2018-12-31T16:26:19,000","2018-12-31T17:17:21,000",5,19.77,2,N,132,236,1,52,4.5,0.5,10,5.76,0.3,73.06
2,"2018-12-31T16:26:13,000","2018-12-31T17:01:18,000",6,7.64,1,N,162,167,2,28,1,0.5,0,0,0.3,29.8
2,"2018-12-31T16:26:11,000","2018-12-31T16:39:10,000",5,2.56,1,N,142,151,2,11,1,0.5,0,0,0.3,12.8
2,"2018-12-31T16:24:21,000","2018-12-31T16:45:50,000",5,3.54,1,N,236,107,2,16,1,0.5,0,0,0.3,17.8
2,"2018-12-31T16:24:20,000","2018-12-31T17:12:48,000",6,18.24,2,N,132,229,1,52,4.5,0.5,0,5.76,0.3,63.06
2,"2018-12-31T16:23:37,000","2018-12-31T16:35:20,000",6,2.32,1,N,68,79,2,10,1,0.5,0,0,0.3,11.8
2,"2018-12-31T16:23:19,000","2018-12-31T16:42:51,000",5,3.32,1,N,68,162,2,15,1,0.5,0,0,0.3,16.8
2,"2018-12-31T16:23:12,000","2018-12-31T17:06:44,000",5,11.33,1,N,132,188,2,38,1,0.5,0,0,0.3,39.8
2,"2018-12-31T16:23:02,000","2018-12-31T16:39:34,000",6,5.01,1,N,25,4,2,17,1,0.5,0,0,0.3,18.8
2,"2018-12-31T16:22:58,000","2018-12-31T16:50:51,000",6,4.29,1,N,161,231,2,20,1,0.5,0,0,0.3,21.8
2,"2018-12-31T16:22:50,000","2018-12-31T16:34:30,000",5,1.91,1,N,141,239,2,10,1,0.5,0,0,0.3,11.8
2,"2018-12-31T16:21:33,000","2018-12-31T17:17:40,000",5,20.64,2,N,132,164,1,52,4.5,0.5,5,5.76,0.3,68.06
2,"2018-12-31T16:21:26,000","2018-12-31T16:47:40,000",5,5.13,1,N,80,261,2,21,1,0.5,0,0,0.3,22.8
2,"2018-12-31T16:19:39,000","2018-12-31T16:40:05,000",6,6.09,1,N,132,124,2,20,1,0.5,0,0,0.3,21.8
2,"2018-12-31T16:19:35,000","2018-12-31T16:37:02,000",6,4.24,1,N,48,48,2,16,1,0.5,0,0,0.3,17.8
2,"2018-12-31T16:18:53,000","2018-12-31T16:44:39,000",6,3.13,1,N,48,114,2,17,1,0.5,0,0,0.3,18.8
2,"2018-12-31T16:18:26,000","2018-12-31T16:34:43,000",6,4.08,1,N,233,202,2,15,1,0.5,0,0,0.3,16.8
2,"2018-12-31T16:17:37,000","2018-12-31T16:30:17,000",6,2.17,1,N,236,142,2,11,1,0.5,0,0,0.3,12.8
2,"2018-12-31T16:17:31,000","2018-12-31T16:30:54,000",6,3.51,1,N,43,151,2,13,1,0.5,0,0,0.3,14.8
2,"2018-12-31T16:16:42,000","2018-12-31T16:16:56,000",5,0.00,2,N,113,113,1,52,4.5,0.5,10,5.76,0.3,73.06
2,"2018-12-31T16:15:52,000","2018-12-31T16:33:43,000",6,2.27,1,N,264,264,1,13,1,0.5,2,0,0.3,16.8
2,"2018-12-31T16:15:45,000","2018-12-31T16:33:24,000",5,2.34,1,N,162,239,2,13,1,0.5,0,0,0.3,14.8
2,"2018-12-31T16:15:17,000","2018-12-31T16:39:09,000",6,9.39,2,N,196,132,1,52,4.5,0.5,0,5.76,0.3,63.06
2,"2018-12-31T16:15:14,000","2018-12-31T17:11:51,000",5,10.34,1,N,39,261,1,41,1,0.5,0,0,0.3,42.8
2,"2018-12-31T16:14:45,000","2018-12-31T16:27:59,000",5,2.22,1,N,236,142,2,11,1,0.5,0,0,0.3,12.8
2,"2018-12-31T16:14:20,000","2018-12-31T17:09:27,000",6,26.28,2,N,132,87,1,52,4.5,0.5,12,5.76,0.3,75.06
2,"2018-12-31T16:13:18,000","2018-12-31T16:29:05,000",5,2.36,1,N,13,66,1,12,1,0.5,0,0,0.3,13.8
2,"2018-12-31T16:12:45,000","2018-12-31T16:42:36,000",6,2.70,1,N,161,186,2,18,1,0.5,0,0,0.3,19.8
2,"2018-12-31T16:12:43,000","2018-12-31T16:26:54,000",5,3.47,1,N,141,168,2,13,1,0.5,0,0,0.3,14.8
